PetID,AdoptionSpeed,blend_oof,pred
d3b4f29f8,2,0.36552117348261026,2
e9dc82251,2,0.08168765873632924,1
8111f6d4a,2,0.27372622194578344,2
693a90fda,2,0.35251127351889283,2
9d08c85ef,2,0.32602498315451195,2
45af03266,4,0.6772922821748821,3
01a07b591,1,0.25252682320012443,2
10e723583,3,0.3556212097651998,2
324266c95,2,0.12730005701549785,1
b6fbfa344,2,0.5695848235111179,3
8df0bb3b3,3,0.5051573109417924,3
a05e81f9f,4,0.7129010521950967,4
311479c63,1,0.10879593634997149,1
11aa441fe,3,0.6469185715026176,3
25fc96414,3,0.6107914787746851,3
a6783a1c6,4,0.6835639869382678,3
05aaee8ce,1,0.0020732908308713003,1
1d3dd0cb8,4,0.7073031669517441,3
f20fa5c38,2,0.2282693204789302,2
b8bc0c25c,4,0.7251853003680092,4
8f45b9967,1,0.12926968330482558,1
b7f7e01c6,3,0.5003887420307884,3
f41a7de83,4,0.9951277665474524,4
e7e2eca9e,4,0.8261027315606696,4
f2f8667a2,2,0.593427668066138,3
54b687d7c,2,0.5114290157051781,3
6438c6b3f,4,0.8551288031928679,4
831505752,2,0.1304618255325766,1
106128c56,3,0.6185663193904526,3
c8f5f9120,1,0.0637018607785207,1
671ffc570,3,0.5077489244803816,3
279ca5034,3,0.9262945109625252,4
f653550ac,4,0.996423573316747,4
9dae4e297,2,0.28699528326335977,2
5925cf3fa,2,0.13668169802519048,1
066498aa1,3,0.9120406365002851,4
568a5ab51,4,0.9184160058052143,4
a65853183,2,0.07520862488985643,1
3da55a076,1,0.19494117037267403,2
48f20f515,2,0.5303996268076504,3
fe3d33ae1,2,0.06650080340019697,1
850a43f90,2,0.19727362255740424,2
113204c87,4,0.9743948582387395,4
a8f43bea5,2,0.007774840615767377,1
13296aae7,4,0.5680298553879646,3
c59fe4bcd,2,0.5046389882340746,3
abf1716a9,3,0.5554346135904215,3
9718baba0,2,0.471880993106308,3
39ba962ef,2,0.2679210076193438,2
34edfc9d5,4,0.9753796713834033,4
6220663ba,4,0.790753122894314,4
4501c8125,1,0.0850567563364951,1
b138f5cc9,3,0.4579381122686985,3
dbfb1869f,4,0.9758979940911212,4
dbcf45977,4,0.9369201264707407,4
3b1391dda,4,0.8473021303063287,4
006610fe3,4,0.8376613279427771,4
1020c8f00,2,0.29881304099932615,2
dc1d76def,1,0.3238998600528689,2
6134ae21d,3,0.280257088063028,2
0f1424059,1,0.3685274451873736,2
befafd8d3,4,0.718758098792308,4
482d05dc8,1,0.05597885243352511,1
7b0d325d8,3,0.47364329031254854,3
373f757c7,2,0.06872959104338362,1
e1c40a1eb,4,0.8152697869693671,4
9f2dd031a,4,0.9465090965635204,4
1c1bb3cd4,4,0.9402892240709066,4
9a719040f,2,0.3750064790338465,2
3af1dedf7,4,0.75167159073239,4
b7006ed96,3,0.3468097237339968,2
9ebf6e448,1,0.3117192764215,2
21d8f0d2f,4,0.8782978282278546,4
9e172ab13,1,0.10003628258954024,1
261fc97ec,1,0.12615974705851862,1
ef2ee6e9b,4,0.8882496242160368,4
a9bfec3ba,4,0.8143368060954751,4
3e463e29e,2,0.3820556678588089,2
f5e35ea02,4,0.9260353496086663,4
f4ab04385,1,0.029803555693774946,1
49aaa4f94,4,0.8555434613590421,4
898476994,4,0.9461981029388898,4
b19556858,2,0.3730886850152905,2
6d994c50c,2,0.31980511066189815,2
6a3ff7445,4,0.8692271808427927,4
5e6de643b,2,0.5696366557818898,3
cf020a716,4,0.9700927797646814,4
5c92de3f6,3,0.675167159073239,3
5297d9ba8,2,0.07479396672368216,1
89a41673f,1,0.21214948426890579,2
d965d6f3a,4,0.8821852485357383,4
0db65104a,2,0.20043539107448297,2
25c48e7ff,4,0.8211786658373503,4
685cbaf7f,1,0.5268232001243974,3
c93191313,2,0.35567304203597166,2
1c411730a,2,0.33447364329031254,2
ca7075738,2,0.48986679106411657,3
b2676e6b1,4,0.8598455398331001,4
301a245e6,2,0.18566319390452493,2
94afcd90c,3,0.48442440263307934,3
1ed55129a,1,0.07313533405898513,1
4175a27e1,4,0.8632664697040378,4
0aa767c04,4,0.9581713574871715,4
859b2a95b,3,0.4919400818949878,3
6cbbe5cd9,4,0.9665163530814285,4
f928a7e7f,4,0.9682786502876691,4
28bafb2ee,2,0.1903799305447572,2
7667378df,4,0.4839579121961333,3
da7895cbd,2,0.46742341781993474,3
e08649ba2,4,0.9417405276525165,4
117a7da85,4,0.8371948375058311,4
158a55025,3,0.07572694759757424,1
018e4d193,4,0.8487534338879387,4
b4fb9949b,1,0.13414191675737316,1
f5cb16efb,4,0.9522624786191883,4
199277f1a,4,0.7770175711397916,4
9f9bfa4d9,4,0.9925361530088633,4
8ecb9aab0,2,0.15306069558907376,1
be5595abb,2,0.14601150676411134,1
24dbfaf39,2,0.26450007774840617,2
43021e4ed,2,0.5999067019126109,3
7374edef0,2,0.7349815995438761,4
2fcbb6376,4,0.8852951847820453,4
a9c968c38,4,0.49867827709531953,3
2d8db1c19,4,0.947545741978956,4
d03356a0e,4,0.7172549629399264,3
9dfd5312c,3,0.8404602705644534,4
96d7ed5de,4,0.7122272326750635,3
3d011c364,4,0.9819105375006479,4
74cd0ff66,3,0.15642979318923964,1
24bbd04ce,1,0.11351267299020369,1
1117a135d,4,0.5073860985849791,3
69975d223,4,0.8845177007204686,4
2ad6c7675,3,0.7761882548074431,4
f2472c8dd,2,0.17508941066708136,2
a22daaa5f,3,0.07894054838542476,1
1246bed4f,4,0.9784377753589385,4
f680cd37a,4,0.32348520188669466,2
6185f59bf,4,0.8537811641528016,4
128b247b8,3,0.39516923236406987,2
3161fe0f4,3,0.431607318716633,3
0133b2a29,2,0.591509874047582,3
8b636912d,2,0.3467060591924532,2
b833f9624,3,0.8366765147981132,4
34090e9d6,3,0.7891463225003887,4
c7eac7b01,2,0.4594412481210801,3
e6335f2ee,3,0.6572331933862022,3
7e250a5f1,3,0.6733530295962266,3
480f33a74,2,0.025916135385891256,1
454aa9e20,2,0.7397501684548801,4
157e3e074,2,0.1538381796506505,1
dbaacc7e8,4,0.7540040429171202,4
251bace70,3,0.4226403358731146,2
c0b3f2081,4,0.7625045353236924,4
0af685a60,2,0.4898149587933447,3
01f4746ef,1,0.09936246306950706,1
bb9a64e6f,2,0.17384543616855855,1
8d0f353e2,3,0.5257865547089619,3
f247a5242,2,0.6219872492613902,3
49d4a0adf,4,0.6590473228632147,3
7e3c6f81d,3,0.6376405950344685,3
9c680abbe,2,0.8155289483232261,4
67c9d22df,1,0.05566785880889442,1
0090eb457,4,0.7393873425594775,4
0b6064845,4,0.9740838646141087,4
1f6fe20fc,3,0.39185196703467584,2
2cde24ccc,4,0.8871093142590577,4
c222a4955,4,0.7849997408386461,4
65470d9c0,1,0.32540299590525057,2
c00b7ba5d,4,0.49333955320582595,3
683f1dfd8,4,0.8836365521173484,4
8813e5e4d,4,0.9521069818068729,4
10e26690b,3,0.39713885865339765,2
b6f1e40a5,3,0.5590628725444462,3
7b052d37d,3,0.19592598351733792,2
5dc7d3dc7,3,0.39345876742860103,2
c7c99d389,3,0.5295184782045301,3
d2f216860,4,0.46260301663815895,3
d605cb217,4,0.7136785362566734,3
9d4e91ab0,4,0.932514383455139,4
9942bce62,4,0.8887679469237547,4
e0667be3b,2,0.4617737003058104,3
c0ca6dd73,2,0.42917120199035924,3
4fcd7cfe0,2,0.35012698906339085,2
9625d0998,3,0.32089358834810555,2
8773f250c,2,0.33291867516715906,2
b2876d101,4,0.9598818224226404,4
8988d22a5,4,0.9172238635774633,4
cbf20c4b0,4,0.8153216192401388,4
89e43a001,1,0.19302337635411806,2
085c9be4a,2,0.42559477530710615,2
e50570999,3,0.36728347068885087,2
8a464e436,4,0.826724718809931,4
da8d56dff,4,0.7434820919504483,4
e08e93f16,4,0.768102420567045,4
db23b96cb,2,0.4182345928575131,2
bb78d1aa5,3,0.4841134090084487,3
29aa0b74b,4,0.8761727051262116,4
7395053bc,4,0.991188513968797,4
7413a61ae,4,0.8559062872544446,4
9abb10f2f,1,0.1772145337687244,2
58e2cf3d9,2,0.23402270253459803,2
a0cc9df12,2,0.5235577670657751,3
ba4f42314,4,0.9043694604260613,4
f829fad2b,1,0.021614056911833306,1
df0a5e6c5,3,0.7848960762971026,4
3c30c4a49,4,0.9661016949152543,4
5181f9924,4,0.43502824858757067,3
97c13bdf2,4,0.9738765355310216,4
fa1badbb7,1,0.014150209920696627,1
d29d34cfe,1,0.02555330949048878,1
abc69ab7f,3,0.09982895350645311,1
4fc9dee58,4,0.7089617996164411,3
6668ff629,4,0.5266677033120821,3
a4ade8bb2,1,0.032291504690820504,1
f9d566df8,2,0.36256673404861867,2
8b85a3893,3,0.48883014564868094,3
7e3d0e3f0,3,0.836521017985798,4
9f4a72311,3,0.6257710050277302,3
f15a31a01,4,0.9283159695226249,4
c1f738966,2,0.551236199657907,3
66064ba80,2,0.296480588814596,2
392cb224a,3,0.2858549733063805,2
f205876aa,2,0.32794277717306797,2
3740bcc5d,2,0.43165915098740476,3
ba392c802,3,0.7499611257969212,4
6b685abae,3,0.792152594205152,4
8b8489a24,2,0.4282900533872389,2
6c5b48801,1,0.07598610895143317,1
28dc83755,1,0.3928886124501115,2
45fd43894,4,0.6794174052765252,3
160dcaec8,2,0.06396102213237963,1
0c200f7a6,4,0.8855025138651325,4
3d9784a88,2,0.28678795418027264,2
eff316e87,4,0.9765718136111543,4
5ffd4e822,2,0.2833151920385632,2
83703d7e0,4,0.7586171150158089,4
84c1afe03,4,0.8914632250038874,4
b912b1114,2,0.2634116000621987,2
14e52bdaf,4,0.9919659980303738,4
9cf32e2a6,4,0.6147825636241123,3
1377d2c0e,2,0.22557404239879753,2
b859b9fa0,2,0.18737365883999377,2
843738a2a,4,0.9196081480329653,4
c8d2ed523,4,0.4813144663867724,3
6d5afdb0f,4,0.8010677447778987,4
2d06250ab,4,0.6459855906287254,3
823d5bd7e,2,0.32151557559736693,2
fed799a78,4,0.9403410563416784,4
4a56df934,3,0.4661794433214119,3
85094deda,4,0.908516042087804,4
4a0d03a9f,4,0.7376768776240087,4
f506d3fd2,4,0.6976623645881926,3
bc4e5abfd,2,0.11921422277509978,1
e7b3f752a,2,0.23345254755610845,2
c20aa0352,4,0.8625408179132328,4
655eaa578,2,0.13331260042502463,1
21178f3b0,2,0.6632975690665008,3
d18d572dd,2,0.4035660602290987,2
002278114,1,0.23184574716218317,2
62f87187d,1,0.07945887109314259,1
930dcdef6,2,0.668014305706733,3
2f346ac72,4,0.7338931218576685,4
88bc9864c,4,0.9474420774374126,4
ae64cc2e7,4,0.992121494842689,4
cfc3e65de,1,0.07432747628673612,1
69d95bc54,2,0.1333644326957964,1
aef2fa931,3,0.6306432384802778,3
0cf709a59,3,0.8278650287669104,4
375a0eb3c,4,0.8985124138288499,4
1d79d37b3,3,0.6776032757995128,3
e15b26ed8,2,0.25149017778468874,2
bddd63050,2,0.33716892137044524,2
5bb4cc5d3,2,0.4821956149898927,3
b96d69dc8,2,0.66967293837143,3
e28bad751,4,0.8600010366454155,4
b188b50cd,3,0.8884051210283522,4
f8619af42,4,0.998082205981444,4
4d20f6163,4,0.9397709013631887,4
1fe561ed9,1,0.3377909086197066,2
798ff640c,4,0.46669776602912977,3
938bcb826,1,0.043331778365210176,1
85587ad13,4,0.2648110713730369,2
f5dc70d35,4,0.8139739802000725,4
b2f21fe63,2,0.2862696314725548,2
091a5da01,4,0.6334940133727258,3
7d2fe6bb6,4,0.7356035867931374,4
bd2f5699b,2,0.5064012854403152,3
3ad53090d,4,0.5860156533457731,3
207d61997,1,0.12429378531073447,1
924373704,3,0.270253459804074,2
e0d18f038,4,0.8044886746488364,4
1b1a68a60,2,0.19919141657596018,2
a80687cf1,4,0.7804385010107292,4
8660ad37b,3,0.6444824547763438,3
23b3f793e,4,0.6505468304566423,3
a3d4585c2,3,0.7309905146944488,4
bf2f87f17,4,0.8350697144041881,4
d19f035bc,4,0.796713834033069,4
2a6bb49f5,4,0.8837920489296636,4
4574e3de4,3,0.46825273415228325,3
cccd16111,4,0.8336184108225781,4
18553e89b,3,0.344373607007723,2
2256216b1,4,0.8742549111076556,4
53037f091,4,0.8387498056289845,4
10836809d,2,0.24086456227647335,2
a906ff5f5,4,0.7413051365780334,4
331c0bbf3,4,0.8549733063805526,4
03f0fc32f,4,0.6645415435650236,3
49f3710f9,4,0.8584979007930338,4
f6c3b531d,1,0.06422018348623852,1
e8e461026,2,0.4989374384491785,3
a39ad6dc7,2,0.32882392577618824,2
b09fa9385,3,0.5632094542061887,3
8cb067b2f,3,0.5854973306380552,3
d52f229d1,1,0.25558492717565956,2
849ce39d4,4,0.8799564608925516,4
541400630,4,0.7928264137251854,4
919820452,4,0.955631576219354,4
302eb3771,3,0.18628518115378634,2
c9cab5e67,1,0.05432021976882808,1
d8e7caaff,4,0.9171720313066917,4
66faa15c8,2,0.16705540869745503,1
7cfb6fe9c,1,0.02710827761364225,1
01928bd13,1,0.14476753226558856,1
4f66fa0c3,4,0.3920592961177629,2
b5295b0e2,1,0.07691908982532525,1
92f84c5b7,3,0.3713782200798217,2
58e24d608,3,0.4280827243041518,2
ec40d007f,3,0.19696262893277353,2
225f72952,2,0.5472969470792516,3
2259cf6f8,3,0.21790286632457367,2
fab063ed4,2,0.14145026693619447,1
48317c9e5,3,0.11226869849168092,1
846ca7805,4,0.8775721764370497,4
c3106dcd5,1,0.20592961177629196,2
eb64e3d68,2,0.11900689369201263,1
d899c9ef7,4,0.8824444098895973,4
bce0e17b9,2,0.0598662727414088,1
fc3fbbb99,4,0.8772093505416473,4
0adebbf21,4,0.9012076919089824,4
8cce291a9,4,0.5904213963613746,3
ff4d9a3c6,2,0.4264759239102265,2
0497c5ed8,4,0.9138547659772974,4
105c28771,4,0.6436531384439953,3
5afa2e561,4,0.9474939097081844,4
d5c4ef4c0,3,0.48354325402995907,3
50fc25dbe,3,0.3932514383455139,2
f7999c9bf,2,0.67112424195304,3
7a3471df7,2,0.5282226714352355,3
e129ff4a1,2,0.1333644326957964,1
b00e4262e,2,0.37832374436324057,2
4f45bb293,2,0.31659150987404755,2
776354931,4,0.8522780283004199,4
aa2a3d9c7,2,0.3275799512776654,2
e1d86f0b6,2,0.31068263100606436,2
ebcdfedd2,4,0.8503602342818638,4
a554dbeca,2,0.15249054061058412,1
4f7bfcb68,4,0.8431555486445861,4
cdd815db9,4,0.969989115223138,4
3f5f5782f,4,0.9484787228528481,4
b549fd8be,4,0.5745607215052092,3
47dda9537,4,0.6276887990462862,3
f895c20f3,2,0.23485201886694654,2
a963a6979,4,0.9524179754315036,4
70112a1b9,2,0.13274244544653502,1
363e8df66,4,0.6461929197118127,3
f0137d4e3,2,0.5027211942155186,3
ddd7cc601,1,0.05514953610117659,1
04f8947f3,2,0.1422277509977712,1
16eefbec7,4,0.8062509718550771,4
e54ee8e55,2,0.133934587674286,1
001b1507c,1,0.03524594412481211,1
42dd3f3ff,1,0.2575027211942155,2
a6e7b6870,4,0.9071684030477375,4
6fc1c066e,4,0.6649562017311978,3
eea30b615,4,0.6501321722904682,3
88666f74e,2,0.4619291971181257,3
09e39377f,4,0.3351474628103457,2
69a1b02f6,1,0.11351267299020369,1
00f3a3993,2,0.5882444409889597,3
111748c15,2,0.3104753019229773,2
faec94482,3,0.4993520966153527,3
a89005005,2,0.4763904006634531,3
90bc90da2,1,0.46389882340745353,3
c42cf01ba,2,0.19312704089566166,2
10bbe5ea4,4,0.7817343077800238,4
6d7e560d9,1,0.07961436790545794,1
9572f7e6b,3,0.611309801482403,3
7959e3491,2,0.5120510029544394,3
58805776d,4,0.48711968071321204,3
9fdb3a2a2,2,0.6835639869382678,3
1c7d56a42,4,0.9371274555538278,4
5027f31e5,4,0.6978178614005079,3
8ced67d36,4,0.7734411444565387,4
cf9bc2dc8,4,0.8623853211009175,4
a79983c71,2,0.5960711138754989,3
15f89f939,2,0.48649769346395066,3
61f95d269,1,0.2608199865236096,2
1bb0600a7,3,0.5869486342196651,3
8019d0c63,4,0.9572383766132795,4
40d7cb083,1,0.026693619447467995,1
188f8b07e,4,0.2694759757424973,2
ec7ebdb47,2,0.17804385010107293,1
da8cfd914,2,0.591769035401441,3
2398599fc,4,0.9580158606748562,4
63a1fb887,1,0.07728191572072772,1
81da09ea9,2,0.2225159384232623,2
360dcecb1,1,0.22821748820815838,2
2027f2dfd,2,0.3393977090136319,2
ea4fe7ae2,4,0.8606230238946768,4
b3543dda3,2,0.23967242004872233,2
9e2a19b16,4,0.9177421862851811,4
0a14ac037,2,0.5602550147721971,3
f4cf82def,1,0.02679728398901156,1
4ad400ba0,4,0.9076867257554554,4
752b2d9c5,1,0.1547193282537708,1
73b5c37dd,4,0.8347068885087855,4
cd81fa60a,4,0.8358471984657646,4
c362cc3cd,1,0.13678536256673404,1
270461683,4,0.6699839319960607,3
a6bc8d1a6,4,0.436842378064583,3
94d65e361,4,0.6434976416316798,3
28e14ee81,2,0.6215725910952159,3
e4e128c70,4,0.841289586896802,4
7b25498d6,3,0.7376768776240086,4
9296c9064,3,0.7985797957808533,4
b129e668c,3,0.7806458300938163,4
9ee7776db,2,0.3981755040688333,2
c0a4d02cc,2,0.3801897061110247,2
4040a04bb,2,0.5064012854403152,3
0fb548aac,2,0.590110402736744,3
3697f94e1,4,0.7760327579951278,4
b586e1ea4,4,0.8423262323122375,4
00a1f270a,4,0.9797335821282331,4
3eaa698d3,4,0.9544394339916032,4
f86c83084,2,0.48349142175918725,3
1c9a90078,3,0.48686051935935315,3
9fab4e65f,2,0.4272534079718033,2
e128e9022,2,0.23842844555019957,2
b43155295,4,0.5852381692841964,3
6c1fa0fdb,4,0.8531073446327683,4
71eac2c5e,4,0.8581869071684031,4
6b3614a92,4,0.5974187529155652,3
b24b7d23e,4,0.9579640284040843,4
45afc38e4,3,0.21090550977038303,2
886debfe8,4,0.8149069610739647,4
511b4a044,3,0.7593427668066138,4
c0fe34d97,3,0.39351059969937285,2
fc7f7797c,2,0.21173482610273156,2
0b942f000,4,0.9496190328098274,4
d042e55ce,4,0.9080495516508579,4
6cb63297c,2,0.4509407557145078,3
e4efae0f1,4,0.981184885709843,4
bdffad31f,1,0.05908878867983206,1
ce0294cec,3,0.21204581972736225,2
ffbc3eaaf,4,0.8000829316332349,4
b165fe8b1,4,0.7942258850360234,4
4a02b467d,1,0.007101021095734204,1
1c7619fdc,3,0.8541958223189757,4
2da9b0c2c,1,0.3159695226247862,2
16e922149,4,0.8189498781941636,4
c1917c88e,1,0.4599077385580262,3
f3082fa97,1,0.1780438501010729,2
132a28bc9,2,0.3609599336546934,2
b9dd5cfcf,3,0.47981133053439073,3
39ef18e70,2,0.32021976882807235,2
7b1c82382,1,0.0723578499974084,1
b8fda5b3b,4,0.6825273415228321,3
8834ac7da,4,0.8089462499352097,4
7caa6d216,4,0.14196858964391232,1
c552e255a,1,0.11672627377805422,1
e748f52b7,2,0.5515471932825377,3
c53fb8a18,2,0.4454983672834707,3
428877021,2,0.3359249468719225,2
c3e1f5f86,3,0.5014253874462241,3
9ac089108,4,0.6955890737573213,4
a0490612e,1,0.062095060384595446,1
660cd67ed,4,0.778831700616804,4
ea02306b2,2,0.27108277613642257,2
f8213a645,1,0.30783185611361635,2
ef4059fae,3,0.3933551028870575,2
9e6d5d0df,4,0.9814440470637019,4
3f2a40f0a,4,0.8685533613227596,4
20e4dbf48,4,0.6924273052402427,4
5b72e14bf,3,0.5256310578966464,3
9c6fdbcb4,4,0.7262219457834448,3
fe481f81c,4,0.9934691338827554,4
dc76a1735,4,0.7391281812056186,4
fc93d7cc9,4,0.7673249365054683,4
27eedd440,4,0.8611931788731665,4
802b1f331,3,0.37775358938475095,2
21ae91701,4,0.7653553102161404,4
4a8caef08,4,0.6635567304203597,3
bdfe6125d,4,0.6907168403047738,4
417c109aa,2,0.6802985538796454,3
865619d53,3,0.6436531384439953,3
4168bfd52,3,0.6347898201420205,3
b02fcb74b,2,0.3153475353755248,2
5ddfaab43,1,0.005805214326439641,1
87fadb3df,4,0.8554916290882703,4
3f3e1f288,3,0.6142642409163945,3
6ac437438,2,0.1701135126729902,1
b8f94e1ff,1,0.24236769812885503,2
5c1fa6bd2,4,0.9710775929093454,4
bf537cdb3,4,0.9612812937334785,4
eb8baed62,2,0.1929715440833463,2
01231c438,2,0.5716062820712176,3
5bb802fa1,4,0.7667029492562069,4
30f92e1ab,4,0.46581661742600944,2
2ab616a68,1,0.056445342870471156,1
10554e146,2,0.3748509822215311,2
59b6102ba,2,0.11936971958741512,1
f7b533990,4,0.5947753071062043,3
e31e27ce7,3,0.636552117348261,3
a3a0fa212,4,0.9181050121805837,4
5eee1e783,3,0.40201109210594516,2
2bf834f39,2,0.5127248224744726,3
fe2cc3feb,2,0.30031617685170786,2
1499fbe78,1,0.07857772249002229,1
c3deb0697,4,0.8257399056652672,4
bde802b84,4,0.9899445394702742,4
bbf3097d0,1,0.010832944591302546,1
bed675184,2,0.40081894987819416,2
62d911513,1,0.08516042087803866,1
c19e8ac4d,3,0.5854454983672834,3
19cf5ba9d,3,0.4376198621261598,3
d4d84523a,1,0.027419271238272952,1
0ba16b529,4,0.761467889908257,4
6d1e4b433,4,0.37873840252941476,2
8445b97aa,1,0.09163945472451147,1
854edf08f,2,0.25055719691079664,2
0f6488260,2,0.5646089255170269,3
514319114,4,0.7309386824236771,4
6c399cb06,1,0.025034986782770954,1
ccd3e236f,3,0.3904006634530659,2
3afb76273,4,0.8213341626496656,4
53a451386,1,0.2611828124190121,2
a9bc357f0,4,0.8578759135437725,4
4347c35e5,1,0.07774840615767377,1
bd74f5ce8,4,0.8493754211372,4
52ec30101,4,0.8216451562742965,4
e2fbb0332,1,0.09703001088477686,1
8d25867cb,1,0.06733011973254549,1
9aa0e02ef,4,0.4655574560721505,3
10eaafcd9,4,0.9110039910848494,4
ed390241b,1,0.2693204789301819,2
e69df38b4,1,0.04410926242678692,1
bb2cbdb23,4,0.9131809464572642,4
6c17339fe,4,0.807702275436687,4
f1b4a123f,3,0.7250816358264656,3
81ecf4cda,1,0.0011403099569792152,1
1c0aa9866,1,0.03871870626652154,1
d3ef2ebef,3,0.7992536153008863,4
ab4407477,4,0.9226144197377287,4
211b0aa56,2,0.8151661224278236,4
c1a9d98fb,2,0.6868812522676618,3
2ca38a180,4,0.8022598870056497,4
af4483325,1,0.028870574819882856,1
2fe1eb7b8,4,0.8688125226766185,4
4c9f111f1,4,0.965479707665993,4
a7554fc9e,1,0.17685170787332194,1
ac49bdbdd,2,0.4154356502358368,2
168f1c6e9,4,0.6531384439952315,3
1945e2783,1,0.28051624941688696,2
88a5b8318,4,0.7253407971803245,4
2148c2ef6,4,0.4354429067537449,3
1e0be9e49,4,0.8842067070958378,4
a2ee6f2da,1,0.19571865443425077,2
afdc5f01d,4,0.9289379567718862,4
5548fa6f4,2,0.13388275540351421,1
52ffdc6c2,4,0.9422070180894625,4
cc607ef5c,4,0.7376250453532368,4
55c827f51,3,0.36712797387653556,2
f810c2cae,2,0.22479655833722076,2
6366b7f4a,1,0.5414917327528118,3
a79e1889c,4,0.7207795573524076,4
3d13aab91,2,0.3599751205100295,2
0bcb2c2b5,3,0.2640335873114601,2
1238ed024,3,0.7141968589643913,3
49f6a8909,4,0.8200383558803712,4
ce18c7a4b,2,0.35722801015912503,2
cc4670dac,4,0.8191053750064791,4
13264f4f4,3,0.11366816980251904,1
dbba10f87,4,0.9073757321308248,4
fe056693f,4,0.8437257036230758,4
4140b3b5a,3,0.3936660965116882,2
5730742ae,1,0.21189032291504692,2
b932b3915,2,0.1633234852018867,1
4ff447944,4,0.9259316850671228,4
d0b9282c8,2,0.19219406002176953,2
e297b5ede,2,0.13180946457264295,1
1c67c5f4c,1,0.08272430415176489,1
d5ee02201,2,0.19805110661898095,2
166092e21,1,0.16814388638366248,1
36e02d379,4,0.6883325558492718,3
07877aea7,2,0.8128336702430934,4
619dcb4e6,4,0.8020007256517907,4
edba94b45,4,0.8416005805214327,4
0f4291ce6,3,0.4114445653864096,2
c32940f0f,2,0.2662623749546468,2
b0f2a1939,2,0.12082102316902504,1
97a80f8b3,4,0.6784844244026331,3
467faacc0,4,0.7280360752604572,4
cd1e7ec9d,1,0.1324832840926761,1
54224dada,4,0.9691597988907894,4
90e582b0c,2,0.11879956460892553,1
e5e06c8dd,2,0.06525682890167418,1
08fb442fa,4,0.3730886850152905,2
b652b7241,4,0.5905250609029181,3
4325e9930,2,0.25086819053542736,2
7f33563b9,1,0.03125485927538486,1
8cc02d983,3,0.5054164722956512,3
df6f884c0,2,0.27186026019799925,2
07914c759,4,0.890167418234593,4
e2db9e1eb,3,0.897320271601099,4
b9f90bdfe,3,0.5196703467578915,3
7559336dc,4,0.9658943658321671,4
9550556bf,4,0.6659410148758617,3
c36943627,3,0.5210698180687295,3
6029e0ed0,4,0.7268957653034779,4
4bdc7be69,1,0.08614523402270254,1
9c76163ca,4,0.7302648629036438,4
955e7c5cf,4,0.8684496967812159,4
11543e9ce,2,0.38480277820971337,2
9a591a8d9,3,0.3582646555745607,2
f8204bf7c,4,0.8908412377546261,4
4df43033d,4,0.8487534338879387,4
db745332f,4,0.9398227336339605,4
7d3dd49c5,4,0.9967345669413777,4
775d4b52e,4,0.980459233919038,4
a8f2a5210,4,0.8831182294096305,4
2def0a43e,4,0.7331156377960918,4
da34209ec,2,0.09324625511843675,1
282678629,4,0.9519514849945576,4
04bad9310,1,0.08671538900119213,1
34d5748f7,2,0.4126885398849323,2
e0dc745da,2,0.04597522417457109,1
ee0eff05e,2,0.17783652101798583,1
7cbad35f9,1,0.23630332244855645,2
ff832cb7e,4,0.6946560928834291,4
b52b8d946,4,0.8149587933447364,4
072bb91b4,3,0.8285906805577152,4
9295d02bd,2,0.06541232571398953,1
73066f6ff,3,0.8469393044109262,4
5daea1779,3,0.45218473021303063,3
29fd25bc8,2,0.1840563935105997,2
70aeba909,3,0.595345462084694,3
5e6a7ea61,4,0.8146477997201057,4
bb2c896c5,2,0.027522935779816515,1
eba013abc,4,0.6125019437101539,3
7023f6b45,3,0.3709635619136475,2
060d1de98,4,0.9804074016482662,4
b49012dd4,2,0.2065515990255533,2
f4ed1a08e,4,0.5478152697869693,3
0e12b9baa,4,0.8082724304151765,4
fb9833d4b,4,0.4943761986212616,3
a63f6c6a1,3,0.7741667962473436,4
7bead49ed,4,0.8251697506867776,4
acd81a109,3,0.5064531177110869,3
628a224b2,4,0.9231327424454466,4
d61dd6a6b,4,0.7482506608614523,4
b0ad07cfc,3,0.7516197584616182,4
017d966eb,2,0.8699528326335977,4
7b84a3913,1,0.17876950189187787,2
c763886a6,2,0.235940496553154,2
9d4f21d40,2,0.6199139584305189,3
f288b4919,3,0.6433421448193646,3
81fddeac7,1,0.09091380293370653,1
769d800fa,2,0.08023635515471933,1
e1c5d6ba9,4,0.6013061732234489,3
8f38dbd18,2,0.49919659980303743,3
7a7f8a828,1,0.3549473902451667,2
beea1e1dd,4,0.8581350748976312,4
cf357f057,4,0.6278442958586016,3
fee0b4da6,1,0.0957342041154823,1
809ca8efd,3,0.7306795210698181,4
a996f1370,2,0.5303477945368787,3
9804a7d82,1,0.03545327320789924,1
ae58f28bc,2,0.42896387290727206,3
c9c023b3e,4,0.9777639558389053,4
5f1a700fd,3,0.7307831856113616,4
bf9fe33d0,4,0.8247550925206033,4
47caf7ad1,4,0.8379723215674079,4
d1a11cf42,2,0.20178303011454932,2
248c027cb,3,0.5295184782045301,3
ac6adc2e4,2,0.2883429223034261,2
983879402,2,0.3864614108744104,2
cbfaa79cb,4,0.5658529000155497,3
7811bdd84,2,0.3615819209039548,2
042dfb970,2,0.5353755248017416,3
7494b6aa9,3,0.15850308402011093,1
ce9d5fb9f,1,0.1360597107759291,1
03c49f5aa,1,0.358420152386876,2
423c5b45f,3,0.5525320064272016,3
2260ef0a0,4,0.5817135748717152,3
05d8b5a9d,2,0.3441144456538641,2
7ecd54695,4,0.5433576945005961,3
9726ab93e,4,0.8196755299849686,4
bd331b74e,2,0.33919037993054474,2
5e7db4c54,1,0.3073653656766703,2
ab0bb2f5a,4,0.947804903332815,4
a61776aba,4,0.8102938889752759,4
1b7d01262,1,0.18172394132586947,2
a76fa694e,4,0.9194008189498781,4
79a9a7b05,2,0.37329601409837765,2
1a1283447,2,0.7465920281967553,4
85332d295,1,0.10791478774685119,1
b2a23ac85,4,0.8850360234281863,4
2ef8bed36,2,0.33633960503809673,2
0910c13a3,4,0.3636033794640543,2
949fbd095,4,0.8555434613590421,4
2d7a45689,1,0.007982169698854506,1
9427b3749,1,0.06821126833566578,1
ccb7df174,2,0.6713834033068989,3
68e6f19f5,2,0.5284300005183228,3
e5164d828,3,0.23816928419634065,2
a56d6eceb,2,0.007878505157310941,1
577c72b39,2,0.26605504587155965,2
b1be2a9e8,4,0.7578396309542321,4
2e65d72c2,2,0.041206655263567094,1
b06c1ad30,4,0.8270357124345619,4
5ed271e0d,4,0.7437412533043073,4
eb4c66e7a,3,0.752863732960141,4
6648175ff,4,0.8023635515471933,4
ab4b4681b,4,0.9566682216347898,4
bfcbca117,3,0.5058829627325973,3
41ee53918,2,0.3066915461566371,2
d1a67cee6,3,0.6725237132638782,3
3e26edfa8,3,0.85606178406676,4
3af14a63c,3,0.2816565593738662,2
6198e214e,2,0.30700253978126785,2
43b6e3f2a,2,0.33903488311822944,2
bf1762a3a,4,0.9767791426942414,4
e1dcf0e9e,1,0.40014513035816096,2
2dea0707b,4,0.9904110299072202,4
9d0406864,2,0.34748354325402997,2
6333963fe,4,0.7900793033742808,4
4d101a0c3,2,0.19649613849582748,2
d3b017517,3,0.6117762919193489,3
504e4ec84,1,0.43342144819364536,3
96477b249,4,0.5873632923858394,3
b822d0566,3,0.5907842222567771,3
0850d4334,4,0.9465609288342923,4
b543331f4,4,0.767169439693153,4
c0b1f82b1,4,0.9722179028663246,4
e13488562,4,0.5180635463639662,3
25079d00a,4,0.7754107707458665,4
46b9595d0,4,0.9347431710983258,4
13e385580,2,0.5243870833981237,3
ae3a99b36,3,0.21406727828746175,2
523aeba08,1,0.011454931840563934,1
982c6aa5b,1,0.1392214792930078,1
133a0db2c,3,0.33742808272430413,2
160e267f4,2,0.42663142072254184,2
48cd2ebaa,3,0.5020473746954854,3
26cd1c2ee,3,0.6559892188876795,3
2b1582f99,4,0.9408593790493961,4
9a0db11a9,3,0.5610843311045457,3
48dd9f35f,4,0.22598870056497175,2
694cc5569,3,0.5511843673871352,3
1effd827e,2,0.5154719328253771,3
10337747f,2,0.044938578759135435,1
370d9c1ba,4,0.9102783392940444,4
4a6fea502,2,0.3141553931477738,2
42ea4ccd8,2,0.2397760845902659,2
796cc971d,4,0.939926398175504,4
ec0fd1a7e,2,0.0468045405069196,1
a09008d49,4,0.8237184471051676,4
5f9a836f8,4,0.6810760379412222,3
c3f2f166d,4,0.9662571917275695,4
35b9530a6,4,0.9653242108536775,4
3a7d3c17e,4,0.8247032602498315,4
9252b5dc8,4,0.587000466490437,3
ff2cf88a0,4,0.6941896024464832,3
f4060848e,1,0.36868294199968904,2
392caeaed,4,0.8926553672316384,4
09f31b13e,4,0.9943502824858758,4
51d815775,1,0.06100658269838802,1
1eb8a0278,1,0.029803555693774946,1
ffd506899,1,0.09827398538329964,1
fb999f812,1,0.014098377649924844,1
343962804,4,0.9160835536204841,4
3c1cc2c24,3,0.6820608510858861,3
57f2482cc,4,0.6659928471466335,3
a6416e28a,2,0.588192608718188,3
b28de653f,4,0.7863473798787125,4
213cf987d,2,0.01072928004975898,1
b42873eb7,4,0.8156844451355414,4
983160271,2,0.33286684289638724,2
846e720dc,4,0.9368682941999689,4
412b8d565,3,0.7438967501166226,4
28b64c198,4,0.8518633701342456,4
2af9db4dc,4,0.80168973202716,4
8d6f10684,2,0.5362566734048618,3
1683f03de,2,0.3480536982325196,2
53549acd2,4,0.8175504068833256,4
a809464ca,4,0.5722282693204789,3
c69315120,4,0.7160109884414035,4
a678a4342,3,0.44358057326491473,3
5c2fdb3cd,2,0.08049551650857824,1
9e935b385,1,0.0797698647177733,1
55b799287,4,0.5436686881252267,3
8e3473e81,1,0.08287980096408025,1
61fa73996,4,0.8490644275125693,4
43c8e589d,2,0.24946871922458924,2
dd0d78496,4,0.9537656144715699,4
727a1c793,4,0.8527445187373659,4
6c9e1c82f,2,0.39408075467786247,2
14bbc5876,4,0.8665837350334318,4
0a0e8c15b,4,0.7913232778728037,4
1a4a2e683,1,0.10630798735292595,1
c3eefdcd8,3,0.8278131964961385,4
973dddde5,1,0.2763696677551443,2
a119ce67e,2,0.07665992847146633,1
d840b5a02,2,0.035608770020214585,1
11757c072,2,0.1066708132483284,1
787086e9d,4,0.9135956046234385,4
91bcb5a0a,2,0.011454931840563934,1
e90451ea4,1,0.1912092468771057,2
1803e4c27,4,0.8014824029440729,4
5e5d1fc6d,2,0.4152801534235215,2
672cc8af8,2,0.08920333799823771,1
6c324e80a,3,0.5337687244078163,3
1a54d4e92,3,0.723526667703312,4
fcc138c39,4,0.7988907894054839,4
0c0508818,4,0.6734566941377702,3
29778124f,4,0.9949204374643653,4
f4c27e753,4,0.7789353651583476,4
4464fa621,2,0.3049292489503965,2
4a1274da0,1,0.2708754470533354,2
3d1d0f102,2,0.45057792981910544,3
fe22cc3da,4,0.971906909241694,4
e8c9545c7,4,0.979267091691287,4
1c8a8385e,4,0.8921370445239206,4
eb3b2ad1f,3,0.5700513139480641,3
0cc3e27b5,2,0.6586326646970403,3
a16f85c6f,3,0.343181464779972,2
6460390c0,4,0.7798683460322398,4
b78b30c18,3,0.7794018555952936,4
8a6f0c997,2,0.10330171564816254,1
e995db95f,3,0.5883481055305033,3
e4afff6dd,4,0.5731094179235993,3
82c90e313,3,0.4372052039599856,3
964b2fec4,3,0.6687917897683097,3
fd717a456,4,0.8960244648318043,4
bdc94bd91,3,0.4479344840097445,3
89792afe0,4,0.8276058674130514,4
7439df9c4,4,0.7596019281604726,4
afab70239,4,0.8237184471051676,4
269192694,2,0.48603120302700464,3
5d83f98eb,2,0.321256414243508,2
1dc24448c,4,0.9640284040843831,4
530b7bcec,4,0.7232156740786815,3
6a763a055,3,0.3207380915357902,2
a528683b3,4,0.8289535064531176,4
87f206cea,1,0.13471207173586275,1
d7dc2efde,2,0.19727362255740424,2
062f73a4b,3,0.4832840926761001,3
f0788c412,4,0.8577722490022288,4
2986194f1,4,0.8289535064531176,4
48dd04601,3,0.5753382055667858,3
082b9a2de,4,0.7302130306328719,4
47ecc7ef4,1,0.01974809516404914,1
53eda13e6,2,0.07448297309905148,1
642ed14e6,1,0.07339449541284404,1
a630f3a73,2,0.20328616596693103,2
d77a6813d,2,0.298139221479293,2
429019089,4,0.5350645311771108,3
be38039cc,3,0.8077022754366868,4
b06d39b09,4,0.6698284351837455,3
647284f19,4,0.9313222412273882,4
fd6dd3835,1,0.1564816254600114,1
799ea79a2,2,0.20903954802259886,2
8cebbeec1,4,0.872026123464469,4
05492e461,2,0.27750997771212355,2
41b98eea2,2,0.3381019022443374,2
f11772123,4,0.6990100036282589,4
8da3d6fc5,1,0.0823614782563624,1
e914bdd82,1,0.05800031099362463,1
b0dec8779,3,0.27808013269061316,2
06f523361,1,0.10034727621417094,1
24aaed171,1,0.008500492406572331,1
5f20dde82,1,0.03612709272793241,1
1d4adbcc2,3,0.46063339034883116,2
5149bb7f8,2,0.03078836883843881,1
a91761e54,4,0.7068885087855699,3
437b01de4,4,0.901104027367439,4
b27f46ae3,3,0.5394184419219407,3
ec8411943,3,0.7388171875809878,4
df356def7,1,0.04530140465453791,1
cd3cd5fcc,2,0.4853573835069715,3
a6992bbc5,1,0.016378997563883273,1
774289137,2,0.1669517441559115,1
ea159d8da,4,0.8340330689887524,4
404eab70f,2,0.1899134401078111,2
9ea3739e8,2,0.34167832892759026,2
419d296e7,3,0.5649199191416576,3
5adb4e661,3,0.6537085989737211,3
007bc1db4,4,0.9403410563416784,4
93f758039,3,0.35930130098999635,2
fb5ef5522,4,0.5573005753382055,3
d4bdcd89c,2,0.28150106256155083,2
6c896760b,1,0.07738558026227128,1
976cd59b0,4,0.9763644845280671,4
2599e55c5,4,0.6704504224330069,3
6a48f776b,3,0.22396724200487225,2
dbd4f79ef,4,0.4480899808220598,3
acb614bba,2,0.36552117348261026,2
373880ef5,2,0.2784429585860157,2
3983e7c06,2,0.1995024102005909,2
fa41fb473,2,0.23552583838697974,2
41bbdb352,2,0.19587415124656612,2
0fb490c9b,1,0.006530866117244597,1
8685546cb,4,0.9506038459544913,4
fbcadae16,2,0.40366972477064217,2
879c40dfa,1,0.05582335562120977,1
ba20d5a08,4,0.6617944332141191,3
8a1e12a30,4,0.5056238013787384,3
a68361fdb,2,0.10998807857772248,1
007ffeccd,2,0.1814129477012388,1
c58ad77c4,4,0.693982273363396,4
61338b2e9,4,0.5775669932099725,3
91c2159dd,4,0.8802674545171824,4
7711871ae,1,0.20535945679780232,2
1a47d1c94,4,0.9218887679469238,4
78a8e1b01,4,0.85606178406676,4
b2937acb6,4,0.9904110299072202,4
d8715d47e,4,0.7314570051313948,4
2023404f9,4,0.8535738350697145,4
378406cf4,4,0.8052143264396413,4
33add94a0,1,0.29207484579899445,2
11ad894e6,2,0.20950603845954488,2
12c4ed873,1,0.013061732234489193,1
ed7cde89e,4,0.8258954024775825,4
0e8c2a1aa,3,0.9021925050536463,4
0a38a1059,4,0.6443787902348003,3
f0b2787f5,4,0.9339138547659774,4
29a08292f,2,0.6380552532006427,3
8f0468771,4,0.5141761260560825,3
dc371c173,3,0.1853003680091225,2
0b8e1dd80,4,0.716632975690665,3
1100bff90,4,0.4927175659565646,3
54c5d6442,1,0.014720364899186234,1
74c7373bd,4,0.8745659047322863,4
8a9a4edd7,2,0.2422640335873115,2
623138a05,1,0.04167314570051314,1
1ffe668f9,4,0.8986160783703934,4
400cbe759,2,0.04561239827916861,1
077001793,3,0.6047789353651583,3
dfa8ac290,4,0.5989218887679469,3
119903786,3,0.3195459493080392,2
87639ef4c,2,0.2825895402477583,2
7131cab79,2,0.4224330067900275,2
e4277c6de,3,0.5172860623023895,3
402799b02,3,0.5442388431037165,3
e98e609ac,2,0.14595967449333955,1
e24b153bb,3,0.4739542839371793,3
d0b98e001,1,0.05064012854403152,1
86d203b94,3,0.5548644586119318,3
d7a050445,1,0.10470118695900067,1
cc515ec8c,2,0.11154304670087596,1
a462b563c,2,0.9100710102109573,4
132346d7e,4,0.5907842222567771,3
de1f49c9d,3,0.6862074327476287,3
7564c7b62,4,0.8070284559166537,4
f93fe66ef,1,0.03985901622350075,1
3397adec3,4,0.6529311149121443,3
a81084ff0,2,0.5626911314984709,3
2d88536fc,4,0.8478722852848183,4
03a92a94f,2,0.17431192660550457,1
a7b91a377,4,0.8352770434872752,4
fc2012c7e,1,0.058052143264396415,1
9468e2ed1,1,0.01653449437619862,1
b88fa24c2,4,0.8732182656922199,4
ae4e546cb,1,0.014564868086870885,1
a0e71d03a,4,0.8401492769398228,4
f77be41c3,2,0.3079355206551599,2
628fd5227,4,0.8938475094593894,4
868dcd617,2,0.2483802415383818,2
85114144b,2,0.04810034727621417,1
5b22f97b3,3,0.4122220494479863,2
0308c9eda,4,0.9214741097807494,4
68f3cfdcb,2,0.4970196444306225,3
d01112d4a,4,0.7656663038407713,4
94af242ed,4,0.7136267039859017,3
173fa657f,2,0.6131757632301872,3
8cee52ff2,4,0.8572539262945109,4
ec780b913,2,0.22064997667547814,2
72d77924a,4,0.7198465764785156,4
04c4a7493,2,0.09257243559840357,1
1b932e373,1,0.2950811175037578,2
af8138fea,4,0.8909449022961696,4
2c46efe8f,4,0.8683978645104441,4
bf90589d1,4,0.9021925050536463,4
5597af31b,4,0.8852951847820453,4
28ec2de89,2,0.1971181257450889,2
09a41530d,2,0.34162649665681855,2
34f6111bf,2,0.23765096148862283,2
c7e61f3c2,3,0.272637744259576,2
a366ce2a5,4,0.9181050121805837,4
07cf7d230,1,0.14331622868397867,1
400a15912,3,0.2915565230912766,2
03f48e12b,1,0.11631161561187997,1
b8d07c37b,2,0.5482817602239155,3
25a834a2e,1,0.08925517026900949,1
2caa6639a,1,0.2605608251697507,2
0dfd484a6,4,0.5583372207536412,3
5a4b92653,2,0.6013061732234489,3
0a84451ae,4,0.3854765977297465,2
acc76c678,4,0.8652360959933655,4
98686f3bc,4,0.9007412014720364,4
bc681e945,2,0.4640543202197689,3
c7c6fc160,4,0.7673249365054682,4
86c35033b,2,0.5453273207899237,3
966598774,4,0.9553205825947234,4
058394848,2,0.1316539677603276,1
5b59ef7ee,4,0.6099103301715648,3
0e9a2fed4,2,0.2305499403928886,2
426132585,1,0.012958067692945628,1
531e56f63,4,0.7446742341781993,4
db2d1ccaf,4,0.7676877624008709,4
ff498c903,4,0.5837350334318147,3
8cd149470,2,0.23744363240553568,2
63ddd39f4,4,0.6740786813870315,3
d5a027e6c,2,0.17006168040221845,1
a05c489dc,3,0.8720779557352408,4
0658597c9,1,0.13434924584046026,1
fce9a96ce,4,0.5622764733322967,3
7678afa65,4,0.8337220753641218,4
1976719f7,1,0.0222360441610947,1
ea4cea375,4,0.7972321567407867,4
036c684d3,2,0.12823303788938992,1
3c0ca0676,1,0.02912973617374177,1
ee6601d0b,4,0.9972010573783238,4
e2f5253f7,4,0.8810967708495309,4
858854bb5,4,0.3828849841911574,2
59a23bac0,4,0.8893899341730162,4
a25a5ad9e,2,0.6820608510858861,3
5e8f72190,4,0.9637174104597522,4
23eddf1d8,4,0.9627325973150884,4
1eb9e42bd,4,0.8570465972114238,4
2ea25b63b,4,0.8437257036230758,4
637186543,4,0.7968693308453844,4
360f2c8b9,2,0.11299435028248588,1
2e553e40a,2,0.18182760586741306,2
cad137e83,2,0.7002021458560099,4
b8084fe32,2,0.4029959052506091,2
67c74483f,2,0.25263048774166796,2
a6231927c,3,0.22562587466956927,2
d92c326f8,2,0.2604571606282071,2
073f265c3,1,0.05411289068574094,1
747359fcb,3,0.18680350386150416,2
dcf2641f2,3,0.39475457419789556,2
70a33ed88,1,0.18353807080288187,2
975cf510c,4,0.675167159073239,3
c8a6c0351,2,0.312444928212305,2
6a8f9aa52,2,0.304825584408853,2
08f54d056,2,0.35002332452184737,2
a04c35bc6,1,0.013528222671435235,1
0cb5ad250,1,0.24838024153838179,2
d1a577692,4,0.9515886590991552,4
93cdb10e6,4,0.7155963302752294,3
0d7d16ce1,1,0.14808479759498264,1
05bde54cc,2,0.15710361270927278,1
59f987236,1,0.14948426890582076,1
3e65ffa3c,3,0.4117555590110402,2
802986a45,4,0.716373814336806,3
3dd380ccb,2,0.26595138133001606,2
3033b66f9,2,0.1141346602394651,1
e01bb78f2,4,0.7845850826724718,4
064217ca4,4,0.7978023117192764,4
eb900ff8a,3,0.6867775877261183,3
fd48a560c,3,0.3433369615922874,2
c0771fde0,1,0.1256932566215726,1
f399cf0d2,3,0.7472140154460166,4
af1035c81,3,0.6760483076763593,3
39816161d,2,0.047374695485409214,1
45a59c4e9,3,0.35883481055305033,2
35c9855f5,2,0.423728813559322,2
59c9f850a,4,0.930389260353496,4
efb2cb92c,4,0.8798527963510082,4
189a8292b,4,0.8796454672679209,4
cd617c72c,2,0.7149225107551961,4
f05665d6d,2,0.04913699269164982,1
5906e36c5,1,0.010210957342041154,1
f026fa4b5,3,0.2783911263152439,2
f41112ee1,2,0.4319701446120354,3
cb15b5fb8,2,0.44202560514176126,3
799aad68b,2,0.3817446742341782,2
fbb112b7e,3,0.18208676722127196,2
4fb9fc3d1,2,0.1716684807961437,1
c39c602a7,1,0.012336080443684236,1
65650b974,2,0.19390452495723834,2
d06076338,2,0.09392007463846991,1
603fa62e1,2,0.21847302130306331,2
80bbb481b,1,0.15368268283833514,1
6dd91ba4d,1,0.09708184315554864,1
7f8f45a35,2,0.44933395532058257,2
890e7be2b,4,0.7379360389778675,4
40fdde0aa,4,0.5912507126937231,3
45c718348,3,0.31586585808324263,2
41c09806e,4,0.9216296065930649,4
d433a5827,2,0.512880319286788,3
f48b3cebb,4,0.9897372103871871,4
91736f444,2,0.5903695640906027,3
559e15485,1,0.40097444669050947,2
a878a916e,2,0.06442751256932566,1
59e7b5f52,2,0.22977245633131185,2
271712276,1,0.08728554397968175,1
a4ebfdf22,1,0.05260975483335925,1
5a3599411,4,0.8527963510081377,4
96b39751e,2,0.4457056963665578,3
4409a68b9,2,0.21945783444772715,2
10a6c97d5,2,0.7366402322085731,4
ebdf19959,4,0.9855906287254443,4
0058586f1,4,0.6592546519463017,3
5da6b63bc,4,0.927071995024102,4
d2dd7e8c2,4,0.931114912144301,4
9ae0545c1,4,0.9685896439122997,4
006d301e9,3,0.35904213963613746,2
722beb3aa,4,0.6462447519825845,3
0ac2e7d16,1,0.22702534598040738,2
0c49c9df2,4,0.8173949100710103,4
047514286,4,0.742860104701187,4
469bd2504,2,0.4495412844036697,3
4e290a43a,1,0.35111180220805477,2
89dd8e9e9,1,0.2548592753848546,2
5742d498f,4,0.953506453117711,4
b47ab81c9,3,0.3070543720520396,2
81d97fa9f,3,0.38371430052350597,2
411792ceb,4,0.8466801430570673,4
d60dbdd7a,3,0.5602550147721972,3
8c7949266,2,0.426113098014824,2
2e4eb9198,2,0.24589229254133624,2
16ff0c687,2,0.3046700875965376,2
a22c43e29,4,0.49302855958119524,3
b1239feb4,2,0.2511791841600581,2
5943167f1,2,0.07598610895143317,1
0133b0214,4,0.8849323588866428,4
0eaa0e3c6,1,0.16664075053128077,1
727b7e63a,3,0.2534598040740165,2
8390dbef8,4,0.8324262685948272,4
f45171393,4,0.9732545482817602,4
6d2c3b550,2,0.21982066034312964,2
f87c02978,1,0.003317265329394081,1
6268d4d68,3,0.4715181672109055,3
ee9c2fd46,4,0.7077178251179185,3
1250404cf,4,0.7802311719276421,4
89c7be602,4,0.8780904991447676,4
b8f60eb7e,4,0.793137407349816,4
0e23c4abd,2,0.10651531643601307,1
1ce37d745,4,0.6937231120095371,4
61c5987cd,1,0.0921577774322293,1
0ea337520,4,0.5847198465764785,3
a9caf7e92,4,0.9340693515782926,4
aa1cf9c0c,4,0.3710153941844192,2
fa773690e,2,0.14678899082568808,1
6b240dd0b,4,0.9711294251801171,4
8fa705c07,1,0.04115482299279532,1
8c93a6e28,2,0.3499196599803038,2
603e173e1,4,0.6410096926346344,3
8ad59da0e,4,0.9353133260768155,4
aece30836,2,0.4879489970455606,3
9ede28a9d,4,0.9375939459907738,4
96e9f6fd8,3,0.6027574768050589,3
943bcd4db,4,0.38672057222826933,2
ca11826f9,4,0.5496293992639818,3
f8fb0aa55,2,0.2830041984139325,2
0e9eec98f,2,0.2595760120250868,2
b48460ef7,3,0.43585756491991917,3
d8d014d03,4,0.48266210542683874,3
f57a5c0ea,1,0.07448297309905148,1
85c65d28b,1,0.21401544601668998,2
843f45598,2,0.7641113357176178,4
21f945788,3,0.4282382211164671,2
b91ac808b,4,0.9516404913699269,4
b7910b841,2,0.2468771056860001,2
1e34e1ebe,4,0.9235992328823927,4
5042c6414,3,0.28969056134349247,2
81b753aaa,4,0.7546260301663815,4
2ddad75c0,3,0.5438760172083139,3
b6a16ab86,4,0.7427046078888716,4
27cd530db,4,0.4884154874825066,3
9c443e54d,4,0.8510858860726689,4
d919bd302,4,0.9675011662260923,4
2d33077f2,4,0.9726843933032706,4
e9df3ead7,4,0.8207640076711761,4
1bb6183eb,1,0.004250246203286166,1
0118db3a8,4,0.998807857772249,4
1eeb50e8f,4,0.6638158917742186,3
b8bf2c090,4,0.8316487845332504,4
9a1715a97,2,0.04986264448245478,1
207c30391,4,0.8593272171253822,4
b75c41dd5,4,0.9589488415487483,4
4b9f45715,3,0.49676048307676357,3
cacbb858d,4,0.865598921888768,4
c1ed7562f,4,0.9015186855336133,4
ebb34fea1,4,0.5405587518789198,3
6ade0f2fe,4,0.8012232415902142,4
f99149151,2,0.45933758357953663,3
ed44605a0,2,0.5380708028818743,3
31da37bc0,4,0.8120043539107448,4
91298d5cf,4,0.7789353651583477,4
8a99dadaf,3,0.5243870833981237,3
bd4500e6c,2,0.18504120665526358,2
fd279ad95,2,0.20613694085937903,2
7bf8a38ee,4,0.20644793448400975,2
e6821c448,2,0.9192971544083347,4
cd091f4cf,2,0.42549111076556256,2
598479067,2,0.20940237391800134,2
296bafb6e,3,0.3347328046441715,2
11b9089f7,4,0.8206085108588607,4
3a4178fe9,4,0.7654071424869123,4
1b71de34e,4,0.8422744000414658,4
052160ae6,1,0.15238687606904058,1
dcd75bfdb,4,0.46265484890893066,3
26662f4f9,3,0.5581817239413258,3
1e24f14d6,4,0.7409941429534027,4
747125bc9,2,0.6224537396983362,3
3f936cb8a,2,0.3013009899963717,2
3e2c46391,3,0.683512154667496,3
ba6ea2d18,2,0.6327165293111491,3
edf80e3cc,4,0.9469237547296947,4
851302ab1,4,0.661846265484891,3
27104e464,4,0.9811848857098431,4
7f5233804,2,0.3598196236977142,2
cbd066eaf,2,0.08598973721038718,1
194acc3f9,2,0.31394806406468667,2
ed5f14fda,4,0.7336857927745815,4
26e7f93e8,3,0.23412636707614162,2
b1db8335c,4,0.774788783496605,4
4badb22cb,1,0.1464779972010574,1
c18106b39,4,0.6852744518737365,3
ec138f2a8,4,0.5603586793137406,3
261cbe336,2,0.39138547659772976,2
c3750cec1,4,0.8937438449178458,4
f642366b6,1,0.028404084382936817,1
b3c2305b0,1,0.15871041310319803,1
a52a7c357,1,0.021769553724148655,1
19470706b,4,0.7816306432384802,4
c6de9b701,4,0.5920281967552998,3
c011bc363,1,0.004716736640232208,1
1f9b856e0,4,0.716373814336806,4
baf60f1bb,4,0.9114186492510236,4
9eb042155,1,0.21743637588762763,2
7dac377c6,4,0.560773337479915,3
dd074b8ba,2,0.12294614627066809,1
19f4d65b7,4,0.7634893484683564,4
5457a593a,4,0.8799564608925516,4
578880eb3,3,0.4825066086145234,3
30669fef4,2,0.13232778728036076,1
8526200d3,3,0.5810397553516821,3
9f12dbf17,4,0.9021925050536463,4
27a776558,2,0.48722334525475564,3
c626f2f93,2,0.6748561654486083,3
e11e6cf89,4,0.7784688747214016,4
d38fca349,3,0.26838749805628986,2
e362e64bb,3,0.41061524905406105,2
b93a2c373,4,0.8420670709583787,4
785413d29,2,0.04488674648836365,1
bb9e47b4a,2,0.17695537241486547,1
400b56d39,4,0.5776188254807443,3
4ea111bbe,2,0.39496190328098274,2
3f222f11f,4,0.9785414399004821,4
b13db9ce8,1,0.34494376198621257,2
52ed9719f,3,0.36308505675633646,2
3ff23c65c,4,0.695640906028093,3
c5b717bc2,3,0.49183641735344424,3
f0a1f2b90,4,0.8050588296273259,4
cd8af1bda,2,0.18296791582439229,2
ab13611c9,4,0.9551132535116363,4
f1164babb,4,0.637277769139066,3
16dc1188b,4,0.9244803814855128,4
4195e3052,4,0.6625200850049241,3
2dccbfd25,4,0.8126781734307781,4
4d649e887,2,0.3422484839060799,2
07227963b,2,0.2594205152127715,2
62955be50,4,0.9266573368579277,4
ae16e308d,2,0.3586274814699632,2
2302acf06,3,0.32612864769605554,2
cdab9b66a,4,0.7976986471777329,4
1b4224c51,1,0.05079562535634686,1
515d9508a,3,0.42849738247032604,3
24750a30f,4,0.5589592080029027,3
2ba66d1e1,2,0.5208624889856425,3
ea6129e3d,2,0.2730524024257503,2
302d37427,1,0.34198932255222103,2
d70af36fd,4,0.867724044990411,4
03b0568b3,3,0.5712952884465868,3
c49629a90,2,0.25066086145234023,2
8cc2eea7f,1,0.0871300471673664,1
d85a78cf9,4,0.7978023117192764,4
847a8b31d,4,0.9937282952366143,4
7316c548e,4,0.8335147462810345,4
a41b62aa8,3,0.532887575804696,3
55f34f8f5,2,0.3034261130980148,2
6ae5689d3,2,0.4810034727621417,3
df07fa1b0,2,0.279064945835277,2
baf49463a,3,0.4480899808220598,3
84efe95e8,4,0.9210076193438034,4
b780980c1,3,0.7333747991499507,4
a970b89c7,1,0.03410563416783289,1
8d650d311,3,0.5541388068211268,3
512bf1e8a,2,0.2355776706577515,2
941880ea3,2,0.17130565490074123,2
555e742f9,3,0.5240242575027212,3
97b9ee40b,4,0.8601047011869589,4
5b1e90385,4,0.8291608355362049,4
7c4b2e0c0,2,0.3225522210128026,2
ca0bf0760,3,0.6106878142331416,3
ab38d2296,4,0.7531747265847718,4
4c5dd1f7c,2,0.414191675737314,2
7b9cd9253,4,0.9223552583838698,4
de59f42db,2,0.7919970973928369,4
eb77432cd,4,0.9613331260042502,4
0be5af159,2,0.2720157570103146,2
f94c2a347,4,0.814855128803193,4
d7c6e0401,4,0.9064945835277044,4
ff5e30380,4,0.822474472606645,4
6fecc5cf7,3,0.4000414658166174,2
f8e3f9ddf,3,0.6638158917742186,3
1aef9fc86,3,0.31519203856320943,2
1ea9285ea,4,0.8143886383662468,4
c62a2a817,2,0.30430726170113515,2
7a2ea6461,3,0.8718187943813819,4
e20655a10,2,0.33867205722282695,2
98437e7cd,4,0.8150624578862798,4
943e9242f,1,0.05115845125174934,1
b12e22341,4,0.9352614938060436,4
0e6f26f19,3,0.4805888145959674,3
ce788268c,1,0.03591976364484528,1
c9efae474,3,0.4726584771678848,3
9031a7f4c,2,0.20831389623179394,2
4529e91da,2,0.25828020525579226,2
08d17d82a,4,0.7618825480744311,4
900b47573,3,0.6868812522676618,3
eca179f5f,4,0.8157362774063132,4
f2fba72d2,4,0.7425491110765563,4
938bcf142,4,0.8310786295547609,4
181823d5f,4,0.8702638262582284,4
6469bb262,4,0.8635256310578967,4
e5bc7aaa8,1,0.2826932047893018,2
5e4c387b2,2,0.5939978230446276,3
246c3850a,4,0.7363292385839424,4
00b00d5c1,2,0.4671642564660758,3
85ca390a0,2,0.3844399523143109,2
27dd38817,2,0.5770486705022547,3
fbae7b0d5,1,0.27761364225366714,2
f6959f1ca,1,0.4084382936816462,2
56f62a309,4,0.7327009796299175,4
a34cf041b,3,0.5263048774166798,3
bad8f7276,1,0.11200953713782201,1
5c1890dc7,2,0.26066448971129424,2
37a11cc19,4,0.8992380656196547,4
1ce065496,2,0.5025138651324313,3
b1d1e399c,3,0.562431970144612,3
375905770,3,0.4207225418545586,2
b7d4318d8,1,0.026745451718239777,1
870fc2931,2,0.2863732960140984,2
bef49a74b,2,0.0329134919400819,1
31144a6be,3,0.5496293992639818,3
3ee76f8a2,3,0.3595086300730835,2
c66f97de2,3,0.3822111646711242,2
63697128e,4,0.8548178095682372,4
3b2a0338e,2,0.03648991862333489,1
3dab3050c,4,0.8810449385787592,4
731a2ef80,3,0.7819934691338828,4
5d822305a,3,0.5761675218991344,3
0dca551f0,4,0.4850463898823407,3
f35a5dd35,3,0.459026589954906,3
ab2c124e7,4,0.9464572642927487,4
c444c2936,2,0.5332504017000984,3
c29a364bc,3,0.7494946353599752,4
504134fd6,4,0.8715596330275229,4
6d9b202c9,3,0.6368631109728916,3
5163abb6e,3,0.5838905302441301,3
cef342d22,1,0.19691079666200176,2
8dc7b3ffa,2,0.01767480433317784,1
629df03ce,4,0.94853055512362,4
b8acb4269,1,0.0539573938734256,1
5d45dae82,2,0.07002539781267818,1
6c8487ccb,3,0.524076089773493,3
6aeef2649,3,0.5471414502669362,3
3feae3fb7,3,0.24983154511999173,2
d09835201,3,0.44720883221893953,2
1a6becd27,1,0.15705178043850102,1
706a9cd5c,3,0.6646452081065671,3
029c248a5,3,0.5825947234748354,3
89bdd90b8,4,0.8401492769398228,4
960f1a1d8,1,0.036438086352563105,1
fbcf2baea,2,0.6885917172031307,3
c86c76857,2,0.24739542839371795,2
e5cf352b2,2,0.08210231690250348,1
c23b2926e,4,0.6542269216814388,3
33eaf34b3,4,0.8640439537656145,4
8dd8e4a4f,2,0.35924946871922464,2
9d03d5988,1,0.15782926450007775,1
2418f7929,4,0.9921733271134608,4
ac59f3533,2,0.37085989737210384,2
250f59089,2,0.25828020525579226,2
50e061767,2,0.4038252215829576,2
c79c98af1,4,0.7986834603223967,4
1fdf2880b,4,0.6002176955372415,3
d7a772967,3,0.1638936401803763,2
1ce681aa7,3,0.5704141398434666,3
aaf465c30,2,0.43015601513502305,2
4bcc7910d,4,0.9644430622505572,4
232aee73d,4,0.7460218732182656,4
fded1ee28,3,0.6240605400922614,3
0a8fc6614,2,0.4747836002695278,3
31081d71d,4,0.982377027937594,4
f4316f2bc,4,0.7678950914839578,4
be4acc363,2,0.3566060229098637,2
818d4a56e,1,0.040532835743533925,1
26716b324,1,0.08573057585652827,1
fb9a1cf69,3,0.3884310371637381,2
9a65d163b,2,0.3526149380604364,2
8f72b332c,2,0.1814129477012388,2
b32339429,4,0.6272223086093401,3
06666dc09,4,0.906339086715389,4
cb05f298c,4,0.8060954750427616,4
3bf7bccc9,4,0.46788990825688076,3
0af536283,4,0.5880889441766444,3
886d23c56,3,0.64059503446846,3
54791dc58,2,0.3108899600891515,2
a2b2abe02,2,0.4763904006634531,3
23c4874d8,4,0.9686933084538434,4
0428af8ea,2,0.0992587985279635,1
43156136a,1,0.496190328098274,3
f0c26af32,4,0.9787487689835692,4
efd269df8,4,0.6956927382988649,3
e9e9c9efe,4,0.9620587777950552,4
ded3b183c,2,0.2448038148551288,2
2a92877f7,4,0.8770020214585602,4
765039f34,3,0.3924221220131654,2
3e2cc2690,2,0.11190587259627845,1
b0855d1dd,2,0.32104908516042086,2
e1cd37f6c,2,0.2689576530347794,2
d8de3a329,1,0.130358160991033,1
2d5eababe,4,0.6729902037008242,3
003dd2e26,2,0.006841859741875292,1
a8f17e0de,2,0.5331467371585549,3
45bec4a13,2,0.6595656455709324,3
98ae607d8,2,0.23101643082983467,2
c292a8b67,4,0.9204892966360857,4
b56b73e4c,4,0.7858808894417665,4
923a7163c,2,0.21536308505675636,2
c72bd65dc,4,0.712330897216607,3
622f08247,2,0.5729020888405121,3
68936da8c,4,0.90753122894314,4
13dbd2170,4,0.8204530140465454,4
660742236,4,0.6371741045975224,3
176516c7a,2,0.5892292541336236,3
46c44f7bc,4,0.8998600528689161,4
d336e6953,1,0.3575908360545275,2
9a3224461,3,0.5303996268076504,3
d41773368,2,0.15497848960762972,1
4c631dbf7,1,0.10734463276836159,1
97d823486,2,0.2873062768879905,2
3497c1ad0,2,0.19991706836676515,2
24ee3b57d,2,0.32104908516042086,2
f5bcc82f8,2,0.5164049136992692,3
bd53ebc9a,1,0.10382003835588037,1
728ed1c0e,2,0.23106826310060644,2
8c2d37546,2,0.7080806510133208,3
756eaf5eb,2,0.11309801482402944,1
37965a7c3,4,0.5513398641994506,3
30507c621,4,0.7536412170217176,4
67e8df1d3,1,0.021976882807235785,1
2eaab0cb1,4,0.7547296947079252,4
15f00daac,4,0.8997045560566009,4
1b91e1082,2,0.5265640387705385,3
628e30f3b,4,0.5252163997304722,3
bde1336b6,2,0.3204270979111595,2
f91ffd577,4,0.9422070180894625,4
39fc7e6d8,4,0.7125382262996943,4
9cd7bfaa6,4,0.933499196599803,4
3285d041f,2,0.2843000051832271,2
c3b89c2e8,4,0.9330845384336287,4
c7d02bfca,4,0.975224174571088,4
e8261c38c,2,0.10786295547607942,1
a7fd7a703,3,0.6967812159850723,3
863947277,3,0.7221790286632457,4
c56432da8,3,0.9150469082050484,4
2bea067f2,4,0.72492613901415,4
8e01a6de2,3,0.25060902918156847,2
eaef39ceb,4,0.6796247343596122,3
7ead795bb,2,0.18784014927693982,2
1069c72a9,3,0.42041154822992793,2
dd79180bc,2,0.10729280049758978,1
37ea8d2db,4,0.5774633286684289,3
4370b5ff7,2,0.512880319286788,3
ee5ceb065,4,0.8159954387601721,4
a4b96c3f3,3,0.7137303685274453,3
c08403e9f,1,0.14984709480122324,1
3c2e29219,4,0.9569273829886487,4
122b47acc,3,0.45933758357953663,3
21f4a6abf,4,0.7710050277302649,4
166345ac8,4,0.7770175711397916,4
a87f5839e,4,0.8794381381848339,4
5a358b56f,3,0.5599958534183384,3
4c1981df1,3,0.8520188669465609,4
03edf613f,4,0.881511429015705,4
888c22eb5,4,0.7474731767998756,4
f64f8a464,1,0.28533665059866276,2
44ddc2e22,2,0.07811123205307624,1
8b9d9a18b,2,0.24070906546415802,2
f2be40d43,4,0.7795055201368372,4
4036e0e12,3,0.5924428549214741,3
21206933c,2,0.3195459493080392,2
aa3409a07,4,0.5626911314984709,3
a6cbd39c2,3,0.3545845643497642,2
7611934a0,2,0.2628414450837091,2
e9cfb355a,4,0.5592702016275334,3
02fee7295,2,0.2752811900689369,2
79f41f755,1,0.2920230135282227,2
65266fe36,4,0.9854869641839009,4
7d6847fba,4,0.5203959985486963,3
a0c332aaf,1,0.013113564505260975,1
f87489d3e,2,0.2579173793603898,2
53964c5d0,4,0.8523298605711916,4
7e8bab7a5,4,0.6246306950707511,3
16002dd9b,2,0.2542372881355932,2
382d948b1,3,0.6964702223604416,3
3083ab744,4,0.4948426890582076,3
cd7ee75c5,1,0.03685274451873737,1
3fbc4677d,3,0.4353392422122013,3
6bd434dc9,1,0.007101021095734204,1
ec8c5413b,2,0.4702223604416109,3
c5b782f4e,3,0.7442595760120251,4
705a6dffe,1,0.19608148032965325,2
a7f58a6e4,3,0.5698958171357488,3
e1f08c5b2,4,0.924428549214741,4
eda8eecc6,3,0.7021717721453378,3
de97498e6,3,0.794796040014513,4
0cce7d218,1,0.2305499403928886,2
e3b6b7d2e,2,0.3714818846213652,2
ba54e88a9,4,0.9773492976727312,4
0b817da84,4,0.8968537811641527,4
000fb9572,3,0.488570984294822,3
460edc419,4,0.8432592131861297,4
d66a55b13,2,0.6400248794899704,3
331a745e8,3,0.3056549007412015,2
fde58f7fa,1,0.17182397760845905,1
33ddc2011,4,0.8756025501477219,4
b7df87757,1,0.3218784014927694,2
53bcfd67d,1,0.43336961592287354,3
a19eea86b,4,0.9449022961695951,4
f70251906,4,0.846524646244752,4
b268202d8,2,0.09817032084175607,1
29193bf76,2,0.26216762556367595,2
c85f29411,4,0.900637536930493,4
355cc5db7,4,0.8595345462084693,4
f93283e0c,4,0.6710205774114963,3
dba5f0e5c,3,0.516923236406987,3
28ce3c3ea,1,0.008759653760431245,1
27c5bfcf1,1,0.4597522417457109,3
28ef05fe6,4,0.8592753848546105,4
f27a94272,4,0.9769346395065567,4
4d3e3a146,3,0.5840460270564453,3
f98750599,2,0.30959415331985696,2
6cfd5f1b5,4,0.9859016223500752,4
69f4a00df,2,0.07619343803452029,1
12653b9bc,2,0.4206188773130151,2
a963b8732,4,0.7990462862177993,4
a3cc5de2b,1,0.2131342974135697,2
706d1c836,1,0.03902969989115223,1
4c6048341,1,0.021769553724148655,1
32ad56035,4,0.9862126159747059,4
1663d062c,2,0.14492302907790391,1
742cced96,3,0.3136889027108278,2
b16b24c21,4,0.9679158243922666,4
0ed23a049,2,0.3415746643860467,2
200a0df49,1,0.48934846835639867,3
a99e4b365,3,0.4609443839734619,3
ecd574ddb,2,0.38107085471414504,2
560232264,4,0.9624734359612295,4
cae004390,3,0.5067122790649458,3
1927c2ed2,1,0.049966309023998345,1
403cf8d32,1,0.06966257191727569,1
41487b069,2,0.04037733893121858,1
53f434ae8,4,0.7799201783030115,4
8d047d078,3,0.49966309023998345,3
8cd96bf75,4,0.5708287980096408,3
04af86059,1,0.0598662727414088,1
a4c8f64c1,2,0.37153371689213704,2
b533529a6,3,0.5207588244440989,3
d870d5767,4,0.895868968019489,4
7e1af1787,2,0.4544653501269891,3
00c71a320,4,0.6630902399834137,3
27a7a1795,4,0.7539522106463484,4
65f311c09,4,0.9416368631109728,4
5b3559bf2,4,0.9080495516508579,4
e87214dd2,4,0.7661846265484891,4
49fac4dc6,2,0.09832581765407143,1
457de178d,1,0.01052195096667185,1
e8ee48e12,4,0.9897890426579589,4
b102f525b,4,0.9019851759705593,4
83dff4077,2,0.187321826569222,2
283ce4b9b,2,0.11439382159332401,1
3e6fa700b,4,0.9786451044420256,4
14084c784,1,0.0622505571969108,1
5f19552c0,2,0.4086456227647333,2
01c202740,3,0.5915617063183537,3
076ec7e18,1,0.028663245736795726,1
2fc5c49c1,2,0.27377805421655527,2
bb0dddcf2,4,0.657544187010833,3
207c24fd3,3,0.5907323899860053,3
71419d422,3,0.6338568392681283,3
86c08e68b,2,0.04156948115896958,1
9a798bc44,2,0.5183227077178251,3
076a67405,4,0.8966982843518374,4
9c70eee7b,4,0.750479448504639,4
f19658d12,3,0.6793137407349815,3
dfb0b0928,4,0.7487171512983983,4
009239f92,3,0.20183486238532108,2
e7dca0b2b,1,0.2938889752760068,2
ac7edef88,4,0.8603120302700461,4
a2c44393c,2,0.4746799357279842,3
fb82bfecd,1,0.09827398538329964,1
32ac38a9f,3,0.585082672471881,3
037b1c131,1,0.14093194422847666,1
b7d2f8186,4,0.48670502254703774,3
3a88e6c8f,4,0.7816306432384804,4
1cdb5d61f,1,0.05380189706111025,1
791e6dc19,1,0.027263774425957604,1
b2566d195,4,0.9536619499300265,4
2ece6b26b,4,0.8131446638677241,4
9bb035799,4,0.6485253718965428,3
642b0dbac,4,0.9890115585963821,4
97e47e7c0,1,0.1620276784325921,1
a8ba4dfa1,4,0.7773803970351941,4
443682c9f,4,0.6721608873684756,3
de445d837,4,0.921370445239206,4
648727065,3,0.7134193749028145,4
3f3962d65,4,0.42849738247032604,2
edb154f1c,2,0.2534079718032447,2
f4948a23d,2,0.16493028559581197,2
ece99daf7,4,0.6570776965738869,3
c0858dfca,2,0.695433576945006,3
f3b29563b,3,0.5340278857616753,3
92c42a055,1,0.02467216088736848,1
8e7c16add,2,0.0770745866376406,1
46d9b2934,4,0.8123671798061473,4
23379775f,3,0.6020318250142539,3
6d1d7bcd8,3,0.5790182967915825,3
6c736e9c1,2,0.4128958689680195,2
f69bd4b27,3,0.6311097289172238,3
e9ec4d543,4,0.20183486238532108,2
0b01864e2,4,0.6609132846109989,3
3a7bcfea4,2,0.24936505468304562,2
a2c9be724,4,0.7849997408386461,4
82a97cd8d,4,0.9495153682682839,4
199fd5d5f,4,0.6481625460011403,3
f000f169a,4,0.7328564764422328,4
8eece1c0c,2,0.05732649147359146,1
29ffe21fe,2,0.15788109677084952,1
cb474120b,4,0.7461255377598093,4
d9033fea0,3,0.5038615041724978,3
eee0b299c,4,0.7852070699217332,4
8f32c880e,2,0.5284300005183227,3
3695274de,4,0.9826880215622246,4
0cdb80095,2,0.15757010314621886,1
b63d76ef4,4,0.9100191779401855,4
e27ac6865,3,0.41942673508526407,2
d42b92c05,2,0.14119110558233558,1
22d9719f8,1,0.3891048566837713,2
9feae89ad,2,0.3369097600165863,2
4792b6d06,2,0.09951795988182242,1
8ccaceef5,3,0.5308661172445964,3
bc2fdee71,1,0.054423884310371644,1
984efb177,3,0.40014513035816096,2
f5bbf322d,4,0.7988907894054839,4
f5d7daf1a,3,0.2013165396776033,2
1cd970978,1,0.014979526253045147,1
07558410c,2,0.2110091743119266,2
abe9e2d91,2,0.2406572331933862,2
90489eccb,2,0.29440729798372467,2
8054aad26,4,0.8757580469600373,4
adb97bde0,4,0.7201575701031463,4
97f0a97ef,2,0.13927331156377962,1
092fa68bd,2,0.2836261856631939,2
e488a36cf,4,0.8407712641890841,4
081c2daa0,2,0.23433369615922872,2
3a9efa973,4,0.7240449904110299,3
906083f6c,4,0.6048307676359301,3
02468e968,3,0.5137096356191365,3
fd8f64c6d,1,0.010262789612812939,1
89bec6af3,2,0.030529207484579896,1
872d79999,1,0.08707821489659462,1
73a17e201,1,0.026900948530555125,1
176ef71db,2,0.108433110454569,1
094c2c3bf,3,0.5846680143057067,3
b560efa40,4,0.8024153838179652,4
940b0ad69,1,0.013891048566837714,1
a40116bf1,3,0.7876950189187788,4
5c4742e35,4,0.5980925724355984,3
16472756f,1,0.08759653760431245,1
d2dbe8b09,2,0.1754522365624838,2
f555570eb,4,0.9409630435909397,4
fc8c8d169,3,0.1573109417923599,1
ff125cf8d,4,0.7003058103975536,3
e617dd078,1,0.020940237391800134,1
0fe8ffc8e,3,0.35531021614056907,2
c05adb8fe,2,0.39838283315192036,2
79ef1fd27,4,0.7470066863629296,4
ded8d95c0,4,0.9647022236044162,4
60f9fee55,1,0.028870574819882863,1
feb06d776,1,0.011869590006738194,1
357707ba7,4,0.7412533043072617,4
734123308,2,0.5505623801378737,3
1cc98ed1d,1,0.29238583942362517,2
9fe96f804,2,0.1826050899289898,2
bc4b95345,4,0.9238065619654797,4
3163e9acf,4,0.8195200331726533,4
8f22842c0,4,0.9540766080962007,4
e998d6d60,2,0.187321826569222,2
e6b28fc29,4,0.9743430259679676,4
a55f8d58a,2,0.09018815114290157,1
8b6690d89,2,0.21525942051521277,2
3666cdd80,2,0.7104131031980511,4
a8c555240,3,0.3972425231949412,2
7f771cce5,4,0.3549473902451667,2
951352bea,2,0.06515316436013062,1
39b3fe88f,4,0.7707976986471777,4
1da4026cd,3,0.7454517182397761,4
9e1caf559,2,0.012906235422173847,1
4f75e3aa2,4,0.9894262167625564,4
fa73b1181,4,0.75022028715078,4
37a8dcdce,4,0.9901000362825895,4
4ffbe0538,2,0.12916601876328201,1
80cedf6b9,4,0.9400818949878195,4
b96e5f6a6,1,0.13170580003109936,1
7630f3d6c,4,0.6187218162027679,3
cfd4c95d9,2,0.41776810242056706,2
630fe24e7,4,0.8338257399056652,4
c504cbfd4,4,0.9534546208469393,4
51a0d55ba,4,0.8300938164100969,4
dae13a47e,1,0.023583683201161044,1
fe1edf930,4,0.6092883429223034,3
206db8d8d,4,0.9984968641476183,4
dc4e92b83,4,0.9499818587052299,4
245434d5d,4,0.8526408541958223,4
05ab54e3c,4,0.5041724977971285,3
e0e392bfb,4,0.6800393925257865,3
d596aea32,4,0.8989270719950241,4
377d9bef6,4,0.9851241382884984,4
35bb8ee8f,4,0.6920126470740683,3
ecba82fc3,3,0.22754366868812523,2
7daf7af9c,1,0.20437464365313843,2
382b4212b,4,0.9650132172290468,4
a72ca4ed6,2,0.7799720105737832,4
467aed7e3,2,0.3808635256310579,2
800680beb,4,0.7104131031980511,4
5b73a7ea8,3,0.5821282330378894,3
63adeea51,4,0.8031928678795417,4
b869dec56,1,0.31809464572642926,2
ae089cd20,4,0.811252785984554,4
9cf741863,4,0.7753071062043229,4
be579e6ed,4,0.9698336184108225,4
308a16b6e,4,0.7836521017985798,4
6c83d00bf,4,0.9755351681957186,4
d1db8712e,4,0.8054734877935003,4
f3c42e04b,4,0.9819623697714196,4
650f2854b,2,0.3721557041413985,2
d22eb6266,4,0.8567874358575649,4
d1052eb2d,2,0.16150935572487432,1
31104de48,1,0.22132379619551132,2
43b277272,3,0.5606178406675997,3
cb9aa1b3a,1,0.00782667288653916,1
db4995bf8,4,0.741927123827295,4
74f987b01,3,0.44767532265588555,3
7e3680561,2,0.5092520603327632,3
112ae92e0,4,0.8377649924843208,4
46f656f13,4,0.9681231534753537,4
3b1976326,2,0.3756802985538797,2
e5317b212,2,0.5023583683201162,3
0bf9dfa21,4,0.6194993002643446,3
4ec25bc3b,3,0.7101021095734205,4
6d18cc71d,4,0.8208676722127196,4
cb0f41a00,4,0.2935779816513761,2
31e2399a9,1,0.03213600787850516,1
82ea3883e,4,0.6820090188151143,3
a25c1fe02,3,0.4581972736225574,3
91ef9278d,1,0.13854765977297465,1
ac31057e6,2,0.6197066293474317,3
fd32ce3ef,4,0.9457316125019437,4
3e3743dc7,4,0.9552687503239516,4
3a97c693e,4,0.781941636863111,4
b4835265a,4,0.9366609651168818,4
6f665c704,3,0.5726947597574249,3
97bb6502c,1,0.20515212771471517,2
f376f922e,3,0.3425594775307106,2
8af1b11ce,4,0.9934691338827554,4
1e39a9ea7,1,0.12678173430778003,1
d38ce48c2,4,0.9172238635774633,4
bea0802eb,4,0.8868501529051988,4
c9595d1f6,1,0.11517130565490075,1
ddc3af1ee,3,0.48354325402995907,3
6464f2352,2,0.18830663971388586,2
ac6d69d99,4,0.9560980666563003,4
99be827e6,2,0.24495931166744414,2
76c073021,2,0.15762193541699063,1
2455effb8,3,0.5990773855802622,3
8ff66c239,4,0.8062509718550771,4
4d7dd6115,4,0.5043798268802157,3
fa7c7d1be,3,0.4378271912092469,3
88819fc55,4,0.9580676929456279,4
8af4db3f3,4,0.7720416731457006,4
5a828ec3e,2,0.19675529984968643,2
e56dc823a,3,0.6573368579277458,3
24731a12c,4,0.671590732389986,3
66757255c,4,0.8466801430570673,4
5c039d8c1,1,0.06577515160939201,1
9e3e99760,1,0.49183641735344424,3
eb4eef57a,4,0.6317317161664853,3
49113adb2,3,0.6089773492976728,3
093cce3a1,3,0.673042035971596,3
4e9a13862,2,0.4315554864458612,2
3816b16b4,1,0.04706370186077852,1
1539be087,3,0.7344114445653864,4
5ba0605b9,4,0.8312859586378479,4
d6c60a52d,4,0.7656144715699994,4
ab48d21e0,4,0.8001347639040066,4
83166fea8,1,0.06738195200331726,1
a89fd1f1e,3,0.4791375110143575,3
40b31be60,2,0.4228994972269735,2
d1265050f,3,0.7387653553102161,4
4ec9289df,4,0.7379878712486394,4
3a3ae56f1,4,0.9972010573783238,4
e46373e2e,4,0.9103301715648163,4
f3755376e,4,0.7902348001865963,4
3d6f14681,4,0.47664956201731196,3
e333feca8,2,0.454724511480848,3
649930cc8,4,0.8303529777639559,4
9b11972b0,2,0.318146477997201,2
6d18707ee,3,0.5763748509822215,3
eb90062ec,4,0.7195355828538849,3
461185d51,1,0.35769450059607116,2
63fda9824,4,0.7452962214274607,4
f9715a897,4,0.8132483284092675,4
f304e7fb3,4,0.8590162235007516,4
d4ec04b8e,4,0.5892810864043954,3
dbf579546,2,0.2537707976986472,2
fc2925be3,3,0.4777898719742912,3
2e9a53eb0,4,0.8578759135437722,4
0f15ed6ab,1,0.07624527030529207,1
933da53ee,3,0.8797491318094646,4
4f6a0e54d,4,0.6795210698180688,3
7bda94ad0,4,0.7200020732908309,3
d14d62508,2,0.3752138081169336,2
a90da3a12,4,0.7660291297361738,4
3759a1d40,2,0.3620484113409008,2
27ef6e605,4,0.982377027937594,4
060b52c3b,3,0.44741616130202666,3
7ecaa8636,3,0.2181620276784326,2
00b23513e,2,0.11470481521795468,1
71f245b82,4,0.8640439537656145,4
ff3d455a0,2,0.2714974343025968,2
00e50c7a7,1,0.4683563986938268,3
6341e0577,4,0.9117814751464262,4
d8664fb93,1,0.05540869745503551,1
65d10be4d,3,0.5347017052817084,3
783a31182,2,0.43870833981236723,3
f600368fb,4,0.9642875654382418,4
c32eb7405,3,0.4305706733011973,3
3ee594f5a,1,0.02062924376716944,1
05febeea3,4,0.8325299331363708,4
d92c5c2df,3,0.5144352874099415,3
198a73c5e,4,0.503809671901726,3
393198f9d,1,0.4155911470481522,2
d4bffbe04,2,0.01772663660394962,1
1f7c7c248,4,0.9930544757165812,4
457bdfb16,2,0.011351267299020371,1
da4da9308,4,0.9317887316643342,4
18cd75354,2,0.2057222826932048,2
0eade2f7c,4,0.9397709013631887,4
364e3ac89,4,0.9708184315554864,4
0ce80622f,3,0.6396102213237962,3
619f26bfc,2,0.5476079407038822,3
1d1f2ed1b,2,0.45270305292074847,3
be7b65c23,2,0.6896801948893382,4
e454518b8,4,0.5264603742289949,3
d57b8c2fe,2,0.41937490281449225,2
1534419ad,1,0.2074327476286736,2
1e1727250,4,0.7793500233245219,4
0b3b23c20,4,0.9805628984605815,4
71e5aca0a,4,0.9474939097081844,4
2b3fc0265,3,0.414450837091173,2
e825b8b9f,4,0.9587415124656612,4
b6004bb5d,4,0.7813714818846215,4
da5ae6aa9,1,0.029337065256828904,1
8132fabfd,3,0.4979526253045146,3
282139c6d,2,0.3163841807909604,2
19d68bcc8,2,0.028611413466023944,1
268cdb435,2,0.21961333126004248,2
fdffad0c0,4,0.4117037267402685,2
bf456451e,3,0.1961851448711968,2
9ceada263,4,0.19338620224952055,2
9495fed48,3,0.38231482921266785,2
b26bf64a6,4,0.9324625511843673,4
d3ec31e51,4,0.47742704607888875,3
71e96f977,4,0.9774011299435029,4
11a3fb06e,4,0.9856424609962162,4
88cdc9a60,4,0.375835795366195,2
53b996932,2,0.3007826672886539,2
3c8468196,4,0.8218524853573834,4
1fba191e3,4,0.8735292593168507,4
95b24de4a,4,0.9235474006116208,4
640e18ef0,3,0.13186129684341472,1
780dff088,4,0.7750997771212357,4
236824e39,1,0.11149121443010418,1
daeac2b84,2,0.226403358731146,2
15dc4c629,3,0.5553827813196496,3
ef9154afe,2,0.28538848286943447,2
b48b65ef2,2,0.35427357072513344,2
9102809eb,1,0.01767480433317784,1
0b110b315,4,0.645104442025605,3
e40368c38,2,0.43622039081532166,2
c68bc0253,3,0.5740942310682632,3
f64a1a0c4,4,0.8568911003991085,4
c36ffffdc,3,0.6855854454983673,3
8d83c952c,3,0.45804177681024205,2
5fc06cf73,4,0.6736121909500855,3
6fcee4bee,3,0.4607888871611465,3
3604fc814,2,0.46042606126574404,3
ebe1f2665,4,0.8109677084953092,4
b66a74309,4,0.9584823511118022,4
3fd75e77d,4,0.6928419634064169,4
288445cbd,2,0.6447934484009744,3
2485efd0a,4,0.8439848649769347,4
b0a24f910,2,0.5048463173171617,3
0ff7245bd,1,0.1081739491007101,1
0fc2dc3cb,2,0.10661898097755662,1
4cbc3433e,1,0.11309801482402944,1
a8a3c4f49,2,0.2763696677551444,2
3308b3980,3,0.7771212356813352,4
8c75e5189,1,0.013735551754522365,1
1c4afcc03,4,0.8762763696677552,4
b5ce44276,3,0.8190017104649354,4
6aa6cfaaa,1,0.22453739698336184,2
faca11616,3,0.6126574405224693,3
c1680e63c,4,0.7311978437775358,4
fa27f275a,2,0.41595397294355463,2
1a51506e1,1,0.11050640128544031,1
fe4b30cfb,1,0.41771627014979523,2
c6d39a0fa,2,0.30798735292593166,2
bea8484a3,2,0.27310423469652206,2
0d4e58071,4,0.4334732804644171,2
bca099371,4,0.7120717358627481,4
1aa3952c1,4,0.7245114808479759,3
db3fce97e,1,0.12061369408593792,1
f0063c5b6,3,0.4060021769553724,2
600f8eb25,1,0.15969522624786192,1
15e5b6d26,4,0.9894262167625564,4
17c4b0394,4,0.785258902192505,4
40843af1e,1,0.3417301611983621,2
f7b84bc3b,4,0.8822370808065102,4
873996ad0,4,0.4915254237288135,3
f3b4e3f5c,4,0.5526356709687451,3
4a1702099,4,0.9459907738558027,4
f7ada8363,3,0.7787280360752605,4
c135c6b15,4,0.8747214015446017,4
dd308e46b,4,0.9882340745348053,4
bea72e6c5,4,0.9840874928730629,4
f58424835,4,0.5514953610117659,3
7f08520d7,2,0.3283056030684704,2
0c28877b7,4,0.7389208521225314,4
c4d225c88,2,0.3800342092987094,2
6db506983,2,0.2715492665733686,2
3e101e353,2,0.5895402477582543,3
0c862b8a3,4,0.8988234074534805,4
15b6026b1,3,0.3076245270305293,2
a116545f6,2,0.4426994246617944,2
a3449e0d0,1,0.1354895557974395,1
c0545b660,2,0.6567148706784844,3
6fc2970d6,2,0.5027211942155185,3
1d5870131,2,0.40828279686933083,2
14fb52f07,2,0.1440418804747836,1
cbefe3979,2,0.3011973254548282,2
e3672355d,4,0.8993935624319702,4
f104f8045,3,0.12735188928626964,1
1253241be,3,0.5894884154874824,3
f7bf646ee,4,0.7792981910537501,4
d09a7dda3,2,0.42393614264240914,2
720db9cb3,4,0.9712849219924324,4
15592a54c,4,0.8730109366091329,4
0063bd7e0,4,0.9655833722075364,4
ef70f3263,4,0.6874514072461514,3
98caf2809,2,0.1373036852744519,1
205dd56e1,4,0.7851552376509615,4
4e1033fe2,1,0.08972166070595551,1
093a35049,1,0.01798579795780853,1
300c91d3a,1,0.0355569377494428,1
bbcaecdd4,2,0.42683874980562897,2
ad6e56af2,2,0.15041724977971285,1
b41d5c9c4,4,0.9443839734618774,4
e99eda1f6,4,0.5316954335769449,3
f3a9092a2,1,0.15052091432125642,1
c34b20922,1,0.11874773233815374,1
1cc66d907,4,0.833411081739491,4
de08c8d31,1,0.01772663660394962,1
e303359a7,1,0.11936971958741512,1
1f470d9f4,4,0.8067692945627948,4
bcf13ec9d,2,0.11636344788265174,1
61f0927c3,1,0.12787021199398746,1
a86f09670,4,0.8647696055564195,4
b35c61109,4,0.8077541077074587,4
46c5fd256,3,0.41331052713419375,2
dde3750a1,4,0.8999637174104597,4
923da13c4,4,0.6225574042398797,3
ba4811f35,2,0.18581869071684032,2
8b0ea16a5,1,0.08635256310578966,1
b76e8c452,1,0.1330534390711657,1
03d59fc21,1,0.15280153423521484,1
531452675,4,0.797180324470015,4
9849173ee,4,0.4820919504483491,3
514e33268,2,0.3367024309334992,2
75f582ad6,1,0.06271704763385684,1
6967987d5,1,0.05043279946094439,1
764837930,4,0.9023998341367335,4
94fc65b67,4,0.7451407246151454,4
bcec3d919,1,0.27331156377960913,2
6f863a03a,2,0.5191001917794019,3
e742a643d,4,0.948271393769761,4
150bf58e2,4,0.6625719172756958,3
f60779a3b,2,0.7140931944228477,4
fcf5f5a0d,4,0.7940185559529361,4
75bfbc825,4,0.8611931788731665,4
5aeba57be,3,0.5597366920644794,3
a4ba78b62,2,0.2657958845177007,2
a8d14470d,4,0.9805110661898097,4
a6fc65f2d,4,0.7736484735396257,4
d5c68b3bf,3,0.45798994453947023,3
2de32b48a,3,0.35349608666355675,2
44817c8f4,2,0.27336339605038096,2
c6cdbebfa,1,0.14476753226558856,1
122092781,2,0.4709480122324159,3
1652a3e1e,4,0.9098118488570984,4
332ae5ab2,2,0.39252578655470893,2
41e4cc1de,2,0.1602653812263515,1
8dfe4da6a,4,0.7420826206396103,4
c06d167ca,1,0.015135023065360494,1
3219ad064,2,0.3689421033535479,2
a9551ed6d,2,0.8609340175193075,4
09af85878,4,0.6068522261960296,3
796382bf4,4,0.7132638780904991,4
678d21531,4,0.8060436427719898,4
7aa58b134,2,0.3577463328668429,2
2f3d368d3,2,0.19919141657596018,2
d3692d2b2,1,0.009226144197377287,1
c8bc66245,2,0.47804903332815013,3
d096658bb,4,0.47250298035556937,2
27ab49f1a,2,0.09703001088477686,1
26d0bfe44,3,0.41921940600217694,2
1dff1959b,4,0.7773285647644222,4
4f5205d2b,4,0.9870419323070543,4
c6c8c73e5,1,0.0030062717047633857,1
040736f83,2,0.2949774529622143,2
9b8a35f8b,4,0.4445653864095786,2
e2b5913e7,4,0.9472347483543254,4
ac52ba660,3,0.5046908205048463,3
923a03e90,2,0.29160835536204843,2
408d4d8e0,4,0.7984761312393096,4
fed3c719a,4,0.7535375524801742,4
01dac4b22,2,0.48722334525475564,3
efeabd288,2,0.329601409837765,2
4540f8e9c,3,0.36868294199968893,2
3ed60e624,2,0.23226040532835746,2
b7135cf44,2,0.08262063961022133,1
a5205f8ab,4,0.7221271963924739,3
1b3492bde,3,0.5745607215052092,3
de35c9f48,4,0.8202456849634583,4
3e242ed8c,4,0.8231482921266781,4
f8e3fabe6,2,0.7223345254755612,4
1076dcc35,1,0.2233970870263826,2
6c44c99ef,4,0.7434302596796766,4
797725280,2,0.08588607266884363,1
3006cd3eb,2,0.21909500855232467,2
daa73505c,1,0.060851085886072666,1
cd7bea671,3,0.5186855336132276,3
f35683806,3,0.592961177629192,3
121c5faca,2,0.23132742445446533,2
811b66c3e,1,0.06655263567096875,1
eeb60466e,1,0.3473280464417146,2
30319970f,3,0.6212615974705852,3
e4ab25214,4,0.6305395739387343,3
35ec69571,1,0.09392007463846992,1
7d86df9b0,2,0.2069144249209558,2
695ae7cbe,2,0.16772922821748823,1
1c07c6ee5,3,0.5478671020577411,3
9725bf4d2,3,0.7073549992225159,4
9f1ba804c,4,0.4407297983724667,2
45ba264f2,4,0.6601876328201938,3
5ab4a7a66,2,0.48095164049136985,3
19cd32fd6,2,0.1028352252112165,1
ee8ddae7b,4,0.9286787954180274,4
b4d0c60b6,4,0.841756077333748,4
e4aadf23c,4,0.8745659047322863,4
32efae9d5,2,0.05369823251956668,1
92b89a666,4,0.8997563883273726,4
181fb7dae,2,0.33628777276732497,2
e653e3c51,3,0.5763230187114496,3
8e8080bbe,4,0.9318923962058778,4
5d00ca4d0,3,0.34903851137718345,2
4fbe0c2e5,2,0.27947960400145133,2
2aaa0c8b6,2,0.24874306743378427,2
85fc3c314,1,0.2936816461929197,2
02a13b2cb,4,0.9341211838490645,4
f50997846,3,0.483802415383818,3
08fc1372f,1,0.308868501529052,2
e66ee4be8,2,0.5389519514849946,3
f5fd255aa,2,0.2532006427201576,2
ba7ae0448,2,0.09220960970300109,1
c1e816568,4,0.5454828176022392,3
23d2b8824,1,0.042139636137459184,1
0b90767fa,2,0.2468252734152283,2
d65b5a052,4,0.590317731819831,3
5e5038eb5,2,0.5678225263048774,3
fa94b21d1,1,0.00844866013580055,1
fcdfc6cdd,4,0.9621624423365986,4
9eb98f34c,2,0.40377338931218576,2
85327438d,4,0.7815269786969368,4
0164a9cfb,2,0.5823355621209766,3
8910ea0f4,2,0.17866583735033434,2
4c26cf05d,3,0.5685481780956824,3
283d778d2,4,0.795521691805318,4
bfb19deda,4,0.9708702638262583,4
ae6a2116c,4,0.745710879593635,4
6f93a41c5,4,0.8113305343907116,4
9e4420002,4,0.4327476286736121,3
24fad6b0b,4,0.6421500025916135,3
c96423707,2,0.3500233245218473,2
933b2b3d4,2,0.26838749805628986,2
64904cb52,2,0.10578966464520811,1
e4e5ea1d2,3,0.798838957134712,4
c27c5a029,1,0.19514849945576115,2
e2e5b8ae2,2,0.18628518115378634,2
fed43b600,2,0.310527134193749,2
ea433c341,3,0.6582698388016379,3
e1b0baf8a,2,0.3836106359819624,2
9827921f8,3,0.6507541595397294,3
fc32f63d1,2,0.4077126418908413,2
7c9e666a7,4,0.5916653708598973,3
7821d724c,2,0.7296428756543825,4
ec30a3b11,3,0.16171668480796142,1
e92d3d4cf,2,0.27839112631524393,2
b30bcaab6,4,0.8977867620380447,4
5bc5b43ae,4,0.6300730835017883,3
9c1b4bb55,2,0.2877727673249365,2
f8b702182,4,0.8850878556989582,4
cac68ead1,3,0.6765666303840772,3
3a916e954,4,0.7359145804177681,4
83b705aaa,3,0.4364795521691805,3
c8daba029,4,0.47820453014046543,3
7fd44f9f3,2,0.29689524698077024,2
3bedb1ef9,3,0.7280879075312289,4
9edb2d79a,1,0.21707354999222517,2
6d1c281f9,3,0.3911781475146426,2
d605fa35d,3,0.5375524801741565,3
b5aa74c6a,3,0.46581661742600944,3
1fe400328,4,0.872959104338361,4
ae6db87d4,1,0.019437101539418442,1
348665874,4,0.5667340486186699,3
e0efe2c72,3,0.4747836002695278,3
448770499,1,0.03866687399574975,1
e301ab49c,2,0.29984968641476184,2
88c193102,4,0.6811797024827658,3
41e792442,4,0.9680713212045821,4
1ff51137d,3,0.15933240035245944,1
117059fe3,4,0.9029699891152232,4
68a603bc3,2,0.4768050588296273,3
ba021efa9,2,0.02762660032136008,1
37ae0cd69,2,0.14570051313948063,1
172d395a5,3,0.49095526875032397,3
d4ae1eedd,1,0.024153838179650652,1
a72a34bdf,4,0.8585497330638056,4
ca659fd81,4,0.5273415228321153,3
d59322d58,2,0.3121339345876743,2
fe1c36fb1,4,0.70543720520396,4
746fb982c,2,0.8547659772974653,4
1f2065428,4,0.9236510651531643,4
7977491da,3,0.16109469755870007,2
870e7158b,2,0.25040170009848134,2
03a3fb084,4,0.8610895143316228,4
35fdb89c9,2,0.2589540247758254,2
259dc7e9a,2,0.5948271393769761,3
79314275c,1,0.11765925465194631,1
60bf93971,2,0.6537085989737211,3
15ee5f008,4,0.8906857409423107,4
382e4bddd,4,0.7837039340693517,4
b05d0484f,1,0.23962058777795056,2
3653c9384,2,0.7715233504379828,4
4e774a9c7,3,0.16233867205722283,1
b38e94f39,2,0.36391437308868496,2
22e507b33,4,0.6470222360441611,3
9bfddbc4c,1,0.06510133208935882,1
405b63ca5,3,0.5609288342922304,3
eb4f09e0e,3,0.5795366194993002,3
5980b0699,2,0.19571865443425077,2
49303270e,1,0.06219872492613902,1
28d20bc71,1,0.20986886435494742,2
43fe381b3,3,0.7010314621883585,3
eea0cb464,1,0.12211682993831958,1
9ad6f6fae,3,0.372985020473747,2
747c82f83,2,0.43254029959052503,3
0833744e6,4,0.985953454620847,4
002230dea,1,0.3351474628103457,2
e40073625,3,0.721608873684756,4
7a0942d61,4,0.9396154045508734,4
485bebd4f,3,0.6222982428860208,3
508df8433,2,0.42274400041465815,2
374b76068,4,0.9462499352096616,4
a32e58f2f,3,0.6472813973980199,3
cfb8b6b93,2,0.11252785984553983,1
9185b2ed3,2,0.08884051210283522,1
c82b8b2c4,4,0.9850204737469549,4
e9b1363e5,4,0.7633856839268128,4
4745e5286,4,0.7212978800601254,3
ed8703dd2,2,0.633701342455813,3
b73079713,1,0.05634167832892759,1
de19fca23,2,0.13460840719431919,1
96ad633d6,2,0.7172549629399265,3
703105908,1,0.2172290468045405,2
39d055888,4,0.6677551443528741,3
30ca259ed,3,0.6725755455346499,3
3fbc3ca27,2,0.6647488726481107,3
d5262ce2b,4,0.824599595708288,4
10022add6,2,0.4824547763437516,3
3befd2af6,4,0.9766754781526977,4
105fd5ad7,4,0.9449022961695951,4
833408fc5,1,0.3521484476234904,2
3b1009a30,4,0.3320375265640388,2
21fcd15c6,2,0.6069040584668014,3
1bf4a2ca7,3,0.3715855491629088,2
2bdf3471b,1,0.1926087181879438,2
9296eb09d,2,0.06945524283418857,1
4be1b15fb,2,0.21945783444772715,2
df89a82ab,4,0.845798994453947,4
7810092ba,4,0.7012387912714456,4
01c6d3224,2,0.22246410615249057,2
2bbca459e,4,0.8407712641890841,4
4059df1bf,4,0.8866428238221117,4
f0e2f80c5,1,0.026019799927434823,1
9d84fc0c5,3,0.6550044057430155,3
04b073592,1,0.14119110558233558,1
1ca147dd8,4,0.8533146737158556,4
0c3f6001a,1,0.16275333022339708,1
143760a33,4,0.9623179391489142,4
db6082ae6,4,0.9577048670502254,4
f6fac7b56,4,0.674700668636293,3
47aacf137,2,0.44373607007723015,2
0a13e47c3,4,0.8387498056289847,4
a73915bd2,1,0.003420929870937646,1
263e34731,1,0.12279064945835277,1
eac9739c8,1,0.15160939200746384,1
3b3ce72d1,4,0.6893173689939357,3
c1816081f,4,0.9351578292645,4
9c91ae76a,2,0.5019955424247137,3
ab385bfae,3,0.5925983517337895,3
311ee8343,4,0.6345824910589333,3
85f63b533,2,0.7066293474317109,3
822193428,3,0.31016430829834657,2
27b5a9db5,2,0.34665422692168146,2
760c7d8ac,3,0.6793137407349815,3
27e74e45c,2,0.16539677603275799,1
fabc9bfec,2,0.48007049188824963,3
4331ce278,4,0.5367749961125797,3
6dd6775e2,2,0.06805577152335043,1
ea2542b58,3,0.4811589695744571,3
c5aeec694,1,0.20624060540092262,2
30506e8c1,2,0.1285958637847924,1
e24a30aaa,3,0.4335251127351889,2
f1fb9506a,4,1.0,4
62887c0ea,3,0.6404913699269165,3
896e76b69,2,0.5175452236562483,3
22987c7fb,2,0.40418804747836007,2
a8a2aecc3,4,0.4631213393458767,3
ff7707a35,4,0.7285025656974032,4
60d72fc85,4,0.8861763333851657,4
8b9c38ed2,2,0.6381589177421862,3
f4fb11803,2,0.12719639247395428,1
ddd926335,4,0.7938630591406209,4
db9af2894,3,0.7129528844658685,4
82905a82e,4,0.9797854143990049,4
cc8bf5e79,2,0.2663660394961903,2
b9aead110,2,0.3167470066863629,2
4752b5e0c,4,0.6283626185663195,3
4f34d790b,4,0.6449489452132898,3
02f63f8ff,4,0.3849582750220287,2
409d5bc3d,4,0.8227854662312756,4
6831a72fd,4,0.8152179546985954,4
85952663a,2,0.2355776706577515,2
603d1d51c,1,0.07593427668066138,1
8f860b014,2,0.12284248172912456,1
d653ae654,4,0.94184419219406,4
5e390710c,2,0.17648888197791945,2
7a23bdbdc,4,0.8245477634375162,4
c79019195,3,0.23132742445446533,2
7ea357093,3,0.483802415383818,3
65a7711bd,4,0.4733841289586897,3
71ec53012,3,0.6734566941377702,3
10ba7efac,3,0.5709842948219561,3
8947bf4b9,2,0.2846628310786296,2
a9e4d6df7,3,0.641787176696211,3
adfa73768,4,0.948271393769761,4
49ba2ccff,2,0.5423210490851603,3
5fc71c87e,4,0.6892655367231638,3
6fbfd7f45,1,0.11283885347017053,1
c6df796ba,1,0.06961073964650392,1
88dbaffe0,2,0.5618099828953507,3
63a542d16,1,0.24003524594412484,2
94fa9ff25,2,0.11444565386409578,1
029641a1a,2,0.318146477997201,2
6fe7448a5,4,0.9879749131809464,4
53fba6573,4,0.7457108795936351,4
e681e0cbf,2,0.23661431607318717,2
948f580dd,2,0.44420256051417617,3
00eced1f0,3,0.2747628673612191,2
8100c2485,4,0.9450059607111387,4
52d0469f8,1,0.06997356554190638,1
e66d0c392,2,0.1976882807235785,2
81c442177,4,0.9752760068418597,4
be07596c5,2,0.4661794433214119,3
ae84e47c8,4,0.5761156896283626,3
e669e318d,4,0.9446431348157361,4
775da0afe,4,0.8537293318820298,4
311157c79,3,0.48406157673767686,3
a6c7f3a13,4,0.932773544808998,4
25ebacf03,4,0.6047271030943866,3
b0b9f2902,2,0.27911677810604885,2
156da1714,2,0.25895402477582546,2
dd065921b,2,0.029699891152231383,1
fe41e15d5,4,0.7885243352511274,4
1bf1f95ef,4,0.926812833670243,4
eddac3328,3,0.8538329964235732,4
a977f3331,4,0.5061939563572281,3
8bbf5133b,1,0.08961799616441196,1
eb6bb82fd,4,0.7462292023013527,4
09807c555,4,0.8205048463173172,4
de61ca522,4,0.9267091691286996,4
c2fc23444,3,0.6300212512310165,3
730a09014,2,0.20494479863162804,2
9c64232b3,3,0.2388949359871456,2
d37659c5d,1,0.038044886746488364,1
6ca8be82b,4,0.631783548437257,3
bb32a589b,4,0.942569843984865,4
d1338d152,4,0.604882599906702,3
6f3f2899c,4,0.7261701135126731,3
015fdb354,2,0.39579121961333125,2
a2ac8316b,3,0.4615663712227233,2
aaadb1aac,4,0.8383351474628103,4
5f6931436,4,0.9740838646141089,4
451bf38f1,4,0.9520033172653294,4
00648f96f,2,0.5540351422795834,3
8ae60c34e,2,0.681387031565853,3
efbe1f3ef,2,0.11092105945161457,1
881aefbb9,3,0.6492510236873477,3
babf0f6cd,2,0.32555849271756593,2
3bef65169,1,0.22127196392473955,2
493ab5d96,2,0.2563624112372363,2
5ea1f2c39,4,0.6134867568548178,3
a2a6b4117,3,0.6097030010884777,3
d4e9f53c9,2,0.6276887990462862,3
a9092993a,4,0.9539729435546572,4
5bfb8da14,1,0.04778935365158348,1
75f7beaf2,1,0.026797283989011562,1
3dc8f1328,4,0.9106929974602188,4
53abff075,4,0.9714922510755196,4
18556365a,1,0.033690976001658636,1
2608428d8,1,0.1986212615974706,2
40276ec6a,4,0.7588762763696678,4
229beedff,4,0.8978385943088166,4
6e21edd32,3,0.6588399937801275,3
975091325,4,0.9164982117866584,4
c213bcac3,4,0.9716995801586067,4
eff6d721e,2,0.6653708598973721,3
0627105f6,2,0.26621054268387495,2
fd71f9fb4,2,0.40942310682631006,2
799c6852c,2,0.5073860985849791,3
86228db7e,3,0.7183434406261338,4
5242038c7,3,0.4206707095837869,2
5569b346f,4,0.7023272689576531,3
7f59b246d,2,0.19929508111750374,2
02a084920,4,0.7386616907686726,4
9403ac24d,4,0.7309386824236769,4
f069c7c28,1,0.3006790027471104,2
2db964259,3,0.5353755248017414,3
0ede86b28,2,0.6103249883377391,3
16316fb49,2,0.36059710775929094,2
c6f39e0e4,2,0.2932151557559737,2
fd60c4aa4,1,0.08148032965324212,1
6120ace5c,2,0.6593583164878454,3
992170cac,4,0.6392992276991655,3
af6364af9,3,0.5558492717565957,3
c7f20f68c,3,0.6227129010521951,3
453cf6271,1,0.1150158088425854,1
0c64363af,1,0.14160576374850983,1
c5e4cfab0,2,0.04172497797128492,1
a64ca36ca,1,0.033120821023169024,1
43c623f94,2,0.46249935209661536,3
46a5f0ba6,4,0.7717825117918417,4
6e61a7b46,4,0.7316643342144821,4
4f735cd71,4,0.9556834084901261,4
3085ca2c6,1,0.026745451718239777,1
86aeb2732,4,0.2910382003835588,2
1a0ee9580,3,0.7448297309905146,4
19926213a,2,0.016845488000829315,1
eb1286b1c,2,0.11890322915046908,1
23f45d56f,4,0.7201575701031463,3
bdcd82280,3,0.49593116674441506,3
9fe4f4b78,3,0.712797387653553,3
ec4351554,2,0.41818276058674125,2
7f5cb9583,1,0.10864043953765616,1
1772727a1,4,0.7144560203182503,4
682cbe0f9,4,0.9103301715648162,4
1e4b7018a,2,0.24376716943969315,2
938de268a,4,0.6969885450681595,4
f612d5506,4,0.937334784636915,4
d3f157880,1,0.3082983465505624,2
36731724b,4,0.8485461048048514,4
5bfbb098d,1,0.07956253563468615,1
ec5670386,3,0.3869797335821283,2
27ec72a29,4,0.6398175504068834,3
1aabe595c,4,0.8645104442025605,4
aa03b987e,2,0.526926864665941,3
e73545fe5,2,0.21437827191209247,2
bb74d75c2,4,0.9376457782615457,4
a6fea1d1a,1,0.10096926346343234,1
78fd8ce0d,4,0.8600528689161872,4
3c25f4969,4,0.7407349815995438,4
52d65015d,2,0.28227854662312757,2
9579ad7a1,4,0.9208002902607163,4
eb6c579d5,4,0.8395791219613331,4
006ffebaf,2,0.44083346291401027,3
f51667d46,3,0.5710879593634998,3
e3a29829f,3,0.5896957445705696,3
63f28922e,1,0.1342974135696885,1
7df56218d,4,0.49738247032602495,3
71f895aa2,4,0.7784170424506298,4
78dff2667,2,0.26926864665941014,2
9141b7803,2,0.24796558337220753,2
b574af70f,2,0.4788265173897268,3
0faf7f0ae,4,0.9625771005027731,4
5ecdd04af,3,0.17348261027315606,2
02d6020a9,2,0.10428652879282642,1
b3995ad50,4,0.7526045716062821,4
04a555b91,4,0.8390089669828434,4
2ba9dfe93,2,0.38195200331726537,2
d88f3ee34,4,0.7362774063131705,4
5b928c0a6,2,0.791686103768206,4
5f5d44f43,3,0.8350178821334163,4
b1e590596,2,0.3966205359456798,2
620ebd7ab,2,0.36920126470740683,2
b984a461b,2,0.05499403928886124,1
2c15f3086,4,0.8549733063805526,4
67f174628,4,0.7778987197429119,4
d95eabfe9,2,0.6458819260871819,3
ff0b61121,4,0.7549888560617841,4
e9b641d69,4,0.5309179495153683,3
6ac7e0c51,4,0.949204374643653,4
36332af6d,1,0.008085834240398071,1
abafdc972,4,0.6243715337168921,3
86d87d5f7,4,0.8347068885087855,4
efc478e64,2,0.30197480951640493,2
f393a9d26,4,0.6824236769812885,3
a1093437e,2,0.011040273674389674,1
887b5144a,4,0.8225781371481885,4
e7fdf6d1c,2,0.31783548437257036,2
3658ee105,2,0.3159176903540144,2
215345b52,4,0.5351681957186545,3
556549333,1,0.25475561084331105,2
c001a0b58,2,0.10547867102057741,1
a929a9f48,2,0.7209868864354947,4
18c3b1a1a,2,0.25625874669569276,2
548df7912,2,0.20867672212719643,2
a640f7cf6,4,0.8664282382211166,4
f792e0ff5,2,0.2623749546467631,2
4c2f127c7,3,0.6404913699269165,3
6c62c854f,4,0.9555279116778106,4
f368b7ef1,4,0.9488933810190225,4
6ac38f654,2,0.44741616130202666,3
7df257784,2,0.3419374902814492,2
608a58c8e,1,0.2561032498833774,2
4fd97d6fe,4,0.8633701342455812,4
42e9334f2,4,0.6506504949981858,3
c0645d6c9,2,0.43414709998445034,3
6272ed019,4,0.7649924843207381,4
828f0e616,4,0.9327735448089981,4
3b0b2a86a,1,0.10247239931581402,1
ef86c51b2,3,0.3742808272430415,2
6d95c8ec6,2,0.44202560514176126,3
43894825a,4,0.24677344114445654,2
c90570913,3,0.44529103820038357,3
6138cd70d,2,0.0954232104908516,1
75bc667ae,2,0.2749183641735345,2
a37b96d01,2,0.37511014357539,2
42fc9a244,2,0.5496293992639818,3
e18cc7a60,4,0.8022080547348779,4
fc601e041,4,0.9232882392577619,4
8f2946027,2,0.27569584823511123,2
1d7e844a7,4,0.897994091121132,4
46feadc45,1,0.1102472399315814,1
967ee6c2e,2,0.20779557352407607,2
a0c584c54,4,0.9553205825947235,4
5e08b9ce5,2,0.14098377649924843,1
3aa4a07dc,4,0.7152335043798269,4
5d8c4f66b,3,0.40714248691235166,2
f34d62be0,2,0.08878867983206344,1
cadcd5ad8,1,0.03550510547867102,1
803c3b444,2,0.3232260405328357,2
b66a5bd9d,2,0.3760431244492821,2
3a94fdf2d,4,0.8779868346032239,4
b1170cc46,2,0.5212771471518166,3
c3270683d,2,0.6435494739024517,3
9ac5a9faf,4,0.7916342714974344,4
fc63194d1,4,0.825325247499093,4
61bf517f2,4,0.3276836158192091,2
51226d067,2,0.512413828849842,3
f293ae915,2,0.24019074275644017,2
d5a7d4dc9,4,0.51526460374229,3
6dcbe818e,3,0.8389053024412999,4
d026d2fb8,4,0.5404032550666045,3
474f23a3a,3,0.5433576945005961,3
d5053eb47,3,0.49686414761830716,3
85b57bb1e,4,0.9657388690198517,4
12dce436d,2,0.4721919867309387,3
975d32d75,4,0.6143679054579381,3
c3208c19d,4,0.7930337428082725,4
a45142177,3,0.6115171305654901,3
44f198a24,4,0.7183952728969056,3
c9ff29578,3,0.2937853107344633,2
a7676842c,4,0.8348105530503291,4
d755e40d7,1,0.07422381174519255,1
b64307878,4,0.19395635722801016,2
6e09bfe1f,3,0.8849841911574146,4
0b4a0d698,2,0.0723578499974084,1
13d30c173,3,0.44482454776343755,3
631a6a27e,2,0.17332711346084073,1
d43834f69,2,0.6122946146270668,3
a44b2389a,4,0.8730627688799046,4
7efd5522d,1,0.09236510651531643,1
d48d94920,4,0.9374902814492302,4
91d7bd3d7,1,0.27040895661638936,2
ef30ade75,2,0.43850101072928,2
6d24fab68,2,0.4947908567874359,3
28e86bb13,2,0.3766651116985435,2
bded2690b,3,0.1991395843051884,2
a40a8c0ce,1,0.07671176074223812,1
29f5cedc0,2,0.3873943917483025,2
42b4b0024,4,0.9573420411548229,4
99aa7a5a6,4,0.2669361944746799,2
3330252db,2,0.2836780179339657,2
45904d2be,2,0.19219406002176953,2
4ea31a03a,4,0.9830508474576272,4
3517189ab,2,0.19431918312341265,2
0d4e81870,1,0.03405380189706111,1
02d644003,1,0.043435442906753746,1
015c75c9e,3,0.4676825791737936,3
796781fbb,4,0.7019126107914788,3
69a15acbb,1,0.019592598351733787,1
f00413d87,1,0.025345980407401648,1
a031e3771,4,0.2962732597315088,2
3f2d1ff6c,2,0.256206914424921,2
6a633ab6c,2,0.17700720468563727,2
7aae61018,3,0.713056549007412,3
0b6457bf5,3,0.8024672160887368,4
9d66ac1e7,4,0.7560773337479915,4
442f853b2,4,0.7093246255118437,3
7f40cce5f,4,0.7832892759031772,4
b84058aa2,1,0.01259524179754315,1
169184766,2,0.5007515679261908,3
106f7b51d,2,0.3209454206188773,2
aba00e1f9,4,0.8728036075260457,4
fbb8a0267,2,0.6425646607577878,3
65a98c48f,4,0.924946871922459,4
fd6c93d05,2,0.1493806043642772,1
bb61d1c46,2,0.17597055927020164,1
3ca057824,4,0.4467941740527652,3
57bf84005,2,0.07303166951744157,1
99ba6513a,3,0.7715233504379827,4
209e4f717,4,0.7692427305240243,4
634aa14a6,1,0.028715078007567518,1
9ccf125f1,3,0.47918934328512935,3
2e3c8edaf,4,0.9988596900430208,4
f38727a35,4,0.7636448452806718,4
b07678538,2,0.21028352252112167,2
2826f9095,4,0.512413828849842,3
b8715f663,4,0.9429845021510393,4
bc7b17cd5,3,0.5863266469704037,3
8e9abddf0,4,0.9171720313066917,4
f21d7ec45,2,0.33478463691494326,2
e30182214,4,0.49919659980303743,3
cc5892ce1,4,0.9531436272223086,4
0fe10670c,1,0.02213237961955113,1
9f24a0672,4,0.3376872440781631,2
b2b52ccf2,3,0.31762815528948324,2
7b858c084,3,0.3725703623075727,2
55ccb364d,2,0.24262685948271392,2
e65a26822,4,0.780490333281501,4
5d517a321,2,0.7896128129373348,4
18bc7bf4d,4,0.6895246980770228,3
eda903960,1,0.2529414813662986,2
a3740bea8,3,0.43539107448297315,3
18dab2783,2,0.41180739128181204,2
7b6f894a1,1,0.06504949981858706,1
d3dacde96,2,0.1407246151453895,1
01919fe72,2,0.4627066811797025,3
3fa341801,2,0.24744726066448966,2
1f34d9c73,3,0.2200279894262168,2
ed9936705,3,0.5365676670294925,3
360215e23,2,0.28238221116467116,2
27e6b452b,4,0.7629191934898668,4
e1c66420e,2,0.14051728606230238,1
2e74deb7b,4,0.8871611465298295,4
8dfe71419,1,0.05520136837194837,1
a428c4daf,3,0.6414761830715804,3
93eb14f37,2,0.6367076141605764,3
be917151a,4,0.46384699113668165,3
e1cd176b5,4,0.46586844969678126,3
585a4d5b9,4,0.940911211320168,4
37c68c4a3,1,0.3634997149225107,2
76b67f389,1,0.04084382936816462,1
95e9ad1b2,4,0.8559581195252163,4
0f1d071a8,1,0.0388223708080651,1
abd7dcf2c,2,0.13217229046804538,1
1b9b55f0b,2,0.17783652101798583,1
027c23f6b,2,0.020266417871766963,1
243925f5e,2,0.358420152386876,2
7ee6fe581,4,0.7805939978230446,4
ff10041de,3,0.6702430933499196,3
efc55563a,4,0.3513709635619136,2
59bedbb97,4,0.7699165500440573,4
e66a993a5,2,0.46846006323537037,3
dd5d07137,4,0.8779868346032239,4
c538efa0b,1,0.013009899963717412,1
d7dd2c184,1,0.026434458093609083,1
f7473aaec,3,0.5662157259109522,3
087d71de3,1,0.03120302700461307,1
661bcb904,3,0.6795729020888405,3
54e7cfcc5,2,0.06955890737573213,1
12b1bce04,4,0.9559944021147567,4
f9df8656a,1,0.04198413932514383,1
dc0ee2c73,4,0.5357901829679158,3
5dff15fc4,4,0.9797854143990049,4
8106b5f6f,3,0.22868397864510445,2
b5f9a9c4a,1,0.08868501529051988,1
09d9212f5,1,0.15746643860467527,1
4359d65e7,2,0.3015083190794589,2
8079e3a1c,3,0.5065049499818587,3
15f62e911,4,0.9748095164049136,4
2abfa66d6,4,0.7163219820660344,3
edc5c168a,4,0.9782304462758513,4
42d2aa0bf,2,0.1723423003161769,2
91efb738a,4,0.8200383558803712,4
3005b75eb,2,0.7197429119369719,3
6153f9d64,1,0.15777743222930599,1
5c1f1a317,4,0.8604675270823615,4
76b366645,4,0.6167521899134402,3
dfedc8f77,2,0.017882133416264965,1
dfaf47c11,1,0.044161094697558696,1
04f7eafde,1,0.1637899756388327,1
6cf7d415b,3,0.35401440937127454,2
0afb7e845,2,0.02544964494894521,1
ed9daa1ae,4,0.9991188513968797,4
ca7c6095a,2,0.0921577774322293,1
e3b39a9f5,3,0.97382470326025,4
9d7c4455c,2,0.35479189343285134,2
8cb5fc48e,3,0.4050173638107086,2
51d3a70bf,1,0.04467941740527653,1
d87ff9c80,4,0.764525993883792,4
4a6dc2b1b,4,0.8418079096045198,4
740d9759c,2,0.23780645830093816,2
f54bef6d6,2,0.48276576996838233,3
91fca388a,1,0.11014357539003784,1
732fa3cb9,4,0.7738558026227129,4
3f9b11590,2,0.28139739802000724,2
837574272,4,0.7292282174882082,3
33a6694b0,3,0.5766340123360805,3
092418816,3,0.5768931736899393,3
cd469a42f,3,0.7156999948167728,3
2391fcc9d,3,0.6505468304566423,3
c3a52fbbe,4,0.9363499714922511,4
530aac28c,1,0.10397553516819573,1
51398fac1,3,0.3763541180739128,2
6c75b9082,4,0.6453636033794642,3
03926867a,3,0.7969729953869279,4
326355730,2,0.2402944072979837,2
6806f15f3,3,0.4019592598351734,2
822b31b85,2,0.3759394599077385,2
6f94c942b,1,0.3208935883481055,2
9ee370ef6,2,0.1413984346654227,1
08dfce1e7,2,0.3653656766702949,2
fffd9b5a8,1,0.0637536930492925,1
cace2b412,2,0.08956616389364018,1
9dca27ec4,2,0.49795262530451456,3
5971c2462,4,0.7993572798424299,4
d6d9a938f,4,0.9351059969937284,4
b2406f38d,4,0.9595708287980097,4
c228bf013,1,0.3231223759912922,2
f2ac99dfe,2,0.2368734774270461,2
34fe22f69,2,0.24832840926761002,2
af49cf598,1,0.05043279946094439,1
d473d632a,2,0.09557870730316693,1
b3101cf5c,1,0.09174311926605505,1
b77b75f2d,1,0.03156585290001555,1
e02dbb6d5,2,0.04281345565749236,1
79db05f63,2,0.3423003161768517,2
876dd37df,4,0.7446224019074276,4
49d1423d5,2,0.3843881200435391,2
9868c3935,4,0.7927745814544135,4
0fd5ff08e,4,0.999274348209195,4
76c276834,4,0.896335458456435,4
1df182906,3,0.3258176540714249,2
0e28a90f6,2,0.3989011558596382,2
1b0d28fab,4,0.8544549836728347,4
084e4c05b,4,0.46840823096459855,3
85c4e7a41,2,0.2130824651427979,2
a90d6fbee,4,0.7375213808116934,4
0d6b8efdc,4,0.8682423676981289,4
858b1443e,4,0.8575649199191416,4
5aff9022b,4,0.8829627325973152,4
915031b99,4,0.6932566215725912,4
bcd601baa,4,0.8798009640802363,4
56d3aa3ac,2,0.15979889078940548,1
ca4224e0b,1,0.03825221582957549,1
92fa4a896,4,0.7183952728969056,4
1965d2288,2,0.310060643756803,2
6704c5fd7,2,0.26792100761934384,2
3c6f9a4e7,1,0.3220338983050848,2
c5d1b9bf9,4,0.7641113357176178,4
0e61fe015,2,0.2632042709791116,2
c5b5d2650,4,0.9031254859275385,4
3bf1bdd86,4,0.8893899341730162,4
70c811b9d,2,0.5420100554605297,3
a111adc75,3,0.49458352770434866,3
468cec390,2,0.25703623075726945,2
64c1c412b,2,0.30513657803348365,2
a8d44452c,3,0.48846731975327845,3
9e0b14cf6,2,0.5125693256621573,3
c275f0975,4,0.5076970922096097,3
bbfc8a037,2,0.072928004975898,1
14631d97b,4,0.894676825791738,4
fe3e235e0,1,0.02130306328720261,1
67888f9fc,4,0.9794225885036023,4
c6556750a,3,0.7078733219302338,3
10e1cbfdd,3,0.6862074327476287,3
38a780df6,2,0.2586948634219665,2
3060d192f,2,0.05178043850101074,1
d8b05d43d,4,0.7693982273363397,4
69a1c3147,4,0.8206085108588607,4
13bbf723c,2,0.05857046597211424,1
d2d48985e,2,0.020732908308713004,1
f7a7fc91f,1,0.5853418338257399,3
8a6f301fa,4,0.7821489659461981,4
e89b02af3,2,0.3131187477323381,2
b00d0fe1c,2,0.5555382781319649,3
59d42b6bb,3,0.4376716943969315,3
3853ff1dd,2,0.4682009018815114,3
0149d04e7,2,0.14176126056082516,1
d9f692e74,2,0.19722179028663245,2
1ba7bdbe6,1,0.26771367853625666,2
865ee6652,3,0.7895091483957911,4
c4be004d4,3,0.48343958948841553,3
78b07d4e0,4,0.871507800756751,4
9dd1cdd52,4,0.777380397035194,4
63cc8aa47,3,0.5495775669932099,3
d17892c89,2,0.18068729591043384,2
8e6e57951,2,0.19276421500025917,2
a7560614d,2,0.3232778728036075,2
5b5e81279,4,0.5933758357953662,3
9b9976e20,3,0.5404032550666045,3
b9429dc85,1,0.09293526149380604,1
24e2e049e,2,0.3264396413206863,2
9b344389b,3,0.3927849479085679,2
1bbf00182,2,0.34230031617685164,2
7196383a7,2,0.38438812004353906,2
00be0a63e,1,0.13559322033898305,1
201ea7802,2,0.18587052298761209,2
70f92bae8,4,0.8124190120769191,4
3d0752cd9,3,0.3601306173223449,2
58a79a8a1,3,0.918986160783704,4
7c1f20f6e,4,0.8757580469600373,4
0ac81fcc4,2,0.3499196599803038,2
460426eb4,3,0.5891255895920801,3
9f01beeef,3,0.32586948634219665,2
c4835ee5c,1,0.10874410407919971,1
20336bf88,2,0.1893951174000933,2
4525391a7,4,0.8511377183434407,4
a8e5ae23a,2,0.7766547452443892,4
b7b07aaec,2,0.41274037215570414,2
5d32494f0,4,0.9280568081687659,4
3099254c2,3,0.8903747473176801,4
ed74a9822,4,0.6750116622609236,3
c61aef5bc,2,0.10216140569118333,1
07cc0ce27,2,0.5099777121235681,3
1d4574c90,1,0.01767480433317784,1
29edf6e20,2,0.13460840719431919,1
c9928594c,4,0.7308350178821335,4
ab2e61df2,2,0.3992639817550407,2
7dfa1e78c,2,0.05126211579329291,1
6dcff2b5b,2,0.4050173638107086,2
2d8b42d21,3,0.38397346187736486,2
427343625,3,0.5296739750168454,3
f849d1829,3,0.539573938734256,3
ab4ab38d7,4,0.9656352044783082,4
b7e7c5c9b,2,0.41559114704815214,2
ea055de86,3,0.10470118695900067,1
800a7c025,2,0.465194630176748,2
fc7706b56,2,0.03441662779246359,1
faf6a8cd0,4,0.9169128699528327,4
8c7dbce06,4,0.641061524905406,3
38f6f3011,3,0.7560773337479915,4
6afe7ee11,2,0.6682216347898202,3
bf87b176d,4,0.9576012025086819,4
918ae2c95,4,0.5998030373710672,3
a578345c4,2,0.4508889234437361,3
c565589a8,2,0.2700461307209869,2
bbab88df0,2,0.21909500855232467,2
cf162bb42,1,0.14419737728709894,1
e257f17da,3,0.26921681438863837,2
dce7af31c,4,0.7983206344269943,4
d8c6c546e,2,0.018866946560928834,1
048519a46,1,0.020525579225625878,1
51020fbd4,4,0.6489918623334888,3
98b1b003d,2,0.07235784999740838,1
3c6329c92,4,0.6791582439226662,3
7a860f4b4,4,0.6175296739750168,3
c5db00aa6,2,0.3266469704037734,2
0d551fb5b,4,0.9371792878245997,4
ae4ab31ec,1,0.1507800756751153,1
8d6b89eff,3,0.36127092727932403,2
8facdc86a,2,0.2953402788576167,2
0e783a2e1,1,0.02741927123827295,1
f0f9efd52,3,0.4685637277769139,3
33f056cc7,4,0.7601720831389623,4
1f25222ce,4,0.7323381537345152,4
9e557af46,3,0.3315710361270927,2
301e16ab9,4,0.24739542839371795,2
6d5fc90f3,4,0.6118281241901208,3
7d1ff4264,4,0.7030010884776862,4
9c3f9ca37,4,0.9424661794433215,4
9951dff79,4,0.7023791012284248,3
0806f9e3f,3,0.8018452288394755,4
ae1db9841,1,0.00025916135385891254,1
dfb8034b5,2,0.149432436635049,1
d9dcad5b4,2,0.66588918260509,3
a9f395ba8,1,0.11517130565490075,1
53561f52b,4,0.8428445550199554,4
76d3ef2a4,4,0.7830301145493185,4
2e1de0bba,2,0.23334888301456483,2
67b1168ba,4,0.8195718654434251,4
3bb86aa8f,2,0.5296739750168454,3
f662bdf71,4,0.795521691805318,4
23adab0a9,2,0.6025501477219717,3
bf9ce53b3,4,0.758824444098896,4
9a4bbdd8d,4,0.9229254133623593,4
7930e4752,4,0.8117970248276577,4
c36860383,2,0.04778935365158348,1
6178884d1,3,0.5561602653812264,3
005afe792,2,0.28393717928782464,2
8a4e70a21,2,0.40439537656144714,2
23bcfa015,4,0.9431918312341264,4
af843bbce,4,0.9476494065204997,4
0f0f81a37,1,0.11076556263929922,1
5dff45cff,4,0.9420515212771471,4
7aa682539,2,0.30819468200901884,2
52c15bfee,4,0.8219561498989271,4
f8d98877d,4,0.7485098222153113,4
3947180ba,4,0.8894417664437878,4
8e6223402,1,0.08137666511169854,1
bd6a6d0dd,2,0.2821230498108122,2
b6f77d754,3,0.5088374021665889,3
516646a4f,1,0.2237599129217851,2
5cabf5331,1,0.01979992743482092,1
083687ba1,4,0.9966827346706059,4
44594e996,2,0.17192764215000259,1
4fe4122ca,2,0.13372725859119888,1
ca967745b,4,0.651583475872078,3
f095385ff,2,0.41932307054372053,2
ad5118660,1,0.2745037060073602,2
bb2e480f4,4,0.7886798320634427,4
72482852e,4,0.9104338361063599,4
469aab50e,2,0.17389726843933032,1
ad937498b,2,0.12092468771056859,1
eefb8d885,1,0.05535686518426372,1
4d7573c5e,2,0.5118955061421241,3
b497fb8eb,2,0.29005338723889496,2
42d565331,3,0.7477323381537344,4
5264d253b,3,0.6893173689939357,3
72f891e55,4,0.9930544757165812,4
79d32926c,1,0.07095837868657025,1
ca92437c1,2,0.18592235525838385,2
fd3172797,3,0.7775358938475095,4
a07a65495,4,0.6502358368320116,3
63e388a8e,1,0.006375369304929248,1
15e5b0e7d,1,0.41989322552221015,2
a36e3c034,3,0.6557818898045923,3
cb307f308,1,0.04068833255584928,1
f45176c4c,4,0.7923080910174675,4
35fc0fd89,1,0.11574146063339034,1
21958b8f8,4,0.893951174000933,4
bc8bbffa4,4,0.7470066863629296,4
0b3deeb66,1,0.23008344995594254,2
352ba3335,2,0.10869227180842793,1
736b228b9,2,0.17628155289483236,1
ab7ccc7df,1,0.1687140413621521,1
72ec92880,2,0.36049344321774734,2
6d59be88d,3,0.4105115845125175,2
d8d840693,4,0.9214741097807494,4
5d3c9feba,1,0.33001606800393923,2
a1be4d855,4,0.6804540506919609,3
f5fda5ac5,1,0.24216036904576788,2
466862270,2,0.6408023635515472,3
d7185ffc1,4,0.7601720831389623,4
621a16b0c,2,0.42424713626703986,2
921817343,3,0.6195511325351163,3
4263cc9ed,2,0.18592235525838385,2
9a770c49a,4,0.9202819675529984,4
f3551e91f,2,0.09272793241071892,1
1894ab073,2,0.46446897838594303,3
4bb09fefb,4,0.8779350023324523,4
331c39c92,4,0.7537967138340331,4
a5c1c54fe,1,0.03830404810034727,1
cd2fd9be8,4,0.9591043383610636,4
8ce613036,4,0.7416161302026643,4
f18d332de,4,0.9265536723163842,4
01ac09f2a,3,0.5523246773441145,3
54b6c1d72,3,0.8357953661949931,4
733ccdc63,4,0.9162908827035713,4
d1632981e,3,0.32358886642823825,2
96a35824d,2,0.192090395480226,2
0510d2767,4,0.6243197014461205,3
16a371487,1,0.22386357746332866,2
a1b34954b,4,0.8070802881874255,4
94dc20e92,4,0.9053542735707252,4
ded648294,4,0.9946612761105064,4
b663aafeb,3,0.5907842222567771,3
8aeff9ad9,1,0.013217229046804542,1
d5e351a09,4,0.8059399782304464,4
7390b70c5,3,0.6980251904835951,3
0e9c1385c,4,0.9651168817705904,4
2ff35ef73,1,0.56004768568911,3
ad2423b1f,4,0.9529362981392214,4
4fd755cc6,4,0.9330327061628569,4
67af2d880,4,0.9539211112838855,4
828ac8371,1,0.040118177577359665,1
7dcbe3383,4,0.8814595967449333,4
8f6b92b4d,4,0.8576167521899133,4
e99c4a55d,1,0.03125485927538486,1
bbbeb3ab0,1,0.08516042087803866,1
26cb1c2c0,4,0.8891826050899291,4
881a77dfb,4,0.8647177732856477,4
8c131db77,4,0.8346550562380138,4
1043aca38,4,0.5765303477945368,3
9d876d83a,1,0.03177318198310268,1
883e7d058,4,0.9188306639713885,4
21c8d5f0e,4,0.9204374643653139,4
c49480455,4,0.8028818742549112,4
18286db6a,3,0.19043176281552895,2
84998166f,4,0.8451770072046857,4
b60bc872a,2,0.30327061628569946,2
e7ab271b1,3,0.7037267402684911,4
143027239,1,0.02783392940444721,1
f892c5908,2,0.21505209143212564,2
726488db4,3,0.32903125485927537,2
cf1b1b824,4,0.9842948219561499,4
15bcbb6e2,2,0.4981599543876018,3
47d68f63c,4,0.8185352200279894,4
1b5fd0e44,3,0.749546467630747,4
e6d59d514,2,0.540766080962007,3
17d9c9586,4,0.9006893692012646,4
c4ab38782,2,0.2331415539314777,2
15a491e20,3,0.46099621624423365,3
ee65ac339,3,0.160628207121754,1
8bd82188f,1,0.09376457782615455,1
5c30eceb2,3,0.5291038200383559,3
dc8359e75,4,0.774996112579692,4
3122253f4,4,0.9598818224226404,4
f319a49de,4,0.9672938371430053,4
24af5742e,3,0.5291038200383559,3
f3abe5d8c,2,0.36593583164878457,2
c6a2b6ae1,4,0.8242886020836573,4
d277ab24d,4,0.8747732338153734,4
ee4cb45ea,1,0.12346446897838594,1
2208d2be1,2,0.22982428860208368,2
94438a5c5,1,0.06504949981858706,1
505c5d7c6,4,0.8899600891515057,4
da6bb3100,3,0.3574353392422122,2
705d4f296,1,0.29798372466697765,2
52ff28c14,3,0.8115378634737987,4
d0eb1073d,4,0.9963717410459751,4
68ac3848d,2,0.6020318250142539,3
182aa4a29,1,0.023687347742704607,1
4e991c023,3,0.4432695796402841,3
c6d91de2b,3,0.6500285077489245,3
6d94a56ef,1,0.0734981599543876,1
1c3f75c04,2,0.3503861504172498,2
dd8e62b81,4,0.6126056082516975,3
12ceeda09,3,0.25848753433887944,2
810ae61da,2,0.4203078836883844,2
4771e1226,3,0.674700668636293,3
794806010,2,0.47613123930959417,3
2dc54e9fd,4,0.6572331933862022,3
a9085cdde,4,0.9453687866065413,4
6282ddf87,3,0.4531177110869227,3
92a038846,2,0.09288342922303426,1
c0488da92,4,0.9070129062354221,4
1a90a4805,4,0.9095008552324678,4
9467b9867,4,0.8679313740734983,4
a561b2487,2,0.0542165552272845,1
c014197ab,3,0.47918934328512935,3
e2205b952,3,0.521432643964132,3
33aa18b41,1,0.022236044161094693,1
ffebad2e7,2,0.2996423573316747,2
79a352e54,4,0.8969056134349246,4
44930f85a,3,0.34774270460788886,2
73d7bb2ce,1,0.058777795055201365,1
f2a522324,1,0.22391540973410043,2
ccc88931c,2,0.5312289431399989,3
1fd342e17,4,0.5177007204685637,3
911464bd8,2,0.1995024102005909,2
a8c19a325,2,0.04747836002695278,1
842b21328,4,0.7287098947804903,3
8803fb1c2,2,0.5536723163841807,3
d6e52b75b,1,0.1123205307624527,1
e4941c40c,2,0.5580262271290105,3
97dc40c6f,3,0.33758357953661955,2
0cd614218,2,0.13149847094801223,1
e2f718e94,4,0.8540921577774322,4
11d50c573,4,0.8976830974965013,4
c45a57747,4,0.924221220131654,4
8c9f6c718,2,0.2570362307572695,2
c720ee024,2,0.4126367076141606,2
57b57989d,4,0.898719742911937,4
1d20ba693,4,0.7070440055978852,3
c11ca8051,4,0.8870056497175142,4
1bd13d3e5,3,0.44980044575752864,3
681eb7101,2,0.0672782874617737,1
5360d72a3,2,0.5019437101539418,3
29d752f7f,4,0.9494117037267403,4
37865f566,3,0.8859171720313067,4
5e74dfc90,4,0.8880422951329497,4
bfdc4cd9d,4,0.776188254807443,4
91d238a62,2,0.32167107240968223,2
e45ec98a4,2,0.689939356243197,3
b3a42fc4a,3,0.4440988959726326,3
b23e29c89,3,0.5385372933188203,3
5e2bbb163,2,0.281449230290779,2
346c5abcd,4,0.901104027367439,4
7dd780fe8,4,0.6686881252267662,3
d0bc14f47,4,0.841289586896802,4
b3b26191c,4,0.995697921525942,4
77e679018,3,0.35531021614056907,2
a85630773,4,0.5718136111543046,3
e0811bfc8,3,0.6503913336443269,3
5a17d8cea,4,0.7900793033742808,4
69c1801cb,3,0.5488000829316332,3
f9a962ccc,4,0.8572020940237391,4
19904f24d,2,0.7050743793085575,3
1f96eae14,2,0.46063339034883116,3
73de2789e,2,0.5442906753744882,3
99a0196aa,3,0.5629502928523298,3
f0d254628,3,0.48053698232519565,3
1dfcfe139,2,0.2519566682216348,2
9abe933fd,2,0.6401803763022859,3
fe0a74b2b,3,0.3452029233400715,2
58bfbd845,3,0.7764992484320739,4
df6048227,4,0.9212149484268904,4
c737c30d7,4,0.776447416161302,4
d3dbf1e95,1,0.14186492510236873,1
f68a56b90,4,0.9905146944487638,4
803594e09,1,0.04685637277769139,1
9702a20bb,4,0.9647540558751878,4
c8f4a2877,2,0.34209298709376457,2
98567db2f,1,0.14668532628414452,1
3c1370c6a,1,0.2134452910382004,2
a0fb6cd44,3,0.9117814751464262,4
705ce0ebd,4,0.8455916653708598,4
d805a1c90,2,0.3258176540714249,2
4eba3b5c0,2,0.4412481210801846,3
6dc193313,2,0.7806458300938165,4
3a5b2eb43,1,0.036852744518737365,1
647fe8d68,4,0.8054734877935003,4
1df948d0e,4,0.8192608718187944,4
c9c5b665b,2,0.18659617477841706,2
7d1d7a4f6,2,0.2660032136007878,2
73013560f,4,0.9373347846369149,4
24e2a6ff5,2,0.5362048411340902,3
f58143fd5,2,0.32618047996682736,2
2d0315769,3,0.2994350282485876,2
2a64c0560,4,0.9862644482454778,4
207aa47a6,1,0.17565956564557092,2
ab599a6ac,2,0.6057637485098223,3
2ca3f6d92,3,0.5755973669206448,3
29e2ac645,2,0.7240968226818018,4
1925aff9d,4,0.8242367698128854,4
27e458086,3,0.5735759083605453,3
f39fef7c1,4,0.5256310578966464,3
110242085,4,0.9282123049810812,4
cdd2cac09,2,0.24884673197532783,2
fb9d3b9ef,2,0.3617892499870419,2
d7a002088,1,0.12994350282485875,1
15b5da7f8,4,0.7819416368631109,4
1cea0ad08,4,0.928730627688799,4
01c62e03b,3,0.48546104804851503,3
cedeef1a7,2,0.20764007671176077,2
26c1fc882,1,0.27693982273363393,2
3613869b2,2,0.4074534805369823,2
d5df16a32,2,0.3852174363758876,2
e248258bb,4,0.7244596485772042,4
65b70bad8,2,0.11719276421500026,1
ffe2090b3,3,0.7115534131550304,4
c70ffd9c5,4,0.6939304410926243,3
758a6def9,2,0.22541854558648214,2
8f2c9671d,2,0.17109832581765408,1
a113449ce,2,0.3044109262426787,2
059a68bf0,4,0.7841704245062977,4
13f07ee9a,1,0.1520758824444099,1
01e410583,3,0.6222464106152491,3
b5d3858ae,4,0.7342041154822994,4
b38dcdc90,4,0.8883532887575805,4
cbf3467d9,1,0.02161405691183331,1
521e214ec,4,0.9530917949515368,4
fed21411c,4,0.9464572642927487,4
19e701fea,2,0.3049292489503965,2
9bbd8c277,4,0.2565697403203234,2
39944ac3f,4,0.974291193697196,4
93e53882d,1,0.00824133105271342,1
ac35bae60,2,0.1357487171512984,1
fa21ddfa3,2,0.4589229254133624,3
487abc5e1,4,0.9330845384336287,4
8f42303f4,3,0.7923080910174676,4
8f1ccbc6f,4,0.923029077903903,4
9c580ca06,4,0.8441921940600219,4
d765ae877,2,0.7500647903384646,4
fb8efea32,3,0.11740009329808739,1
774bd5a80,2,0.8449696781215986,4
bda2d149e,4,0.8337220753641218,4
d8519e771,2,0.2875654382418494,2
a24bb77d1,4,0.9587415124656612,4
d3077e6b1,3,0.8082724304151764,4
b56e6500a,4,0.5465712952884466,3
ae30afe08,2,0.20411548229927953,2
d51b2e785,2,0.23391903799305447,2
83d15cf4d,2,0.22324159021406728,2
390e0a648,1,0.010781112320530762,1
8db729086,4,0.7959363499714923,4
7a7153881,3,0.4785673560358679,3
5aefb7197,1,0.09003265433058623,1
e16882f44,2,0.17540040429171203,1
0ea7eaf00,1,0.08013269061317575,1
a7d44898b,3,0.5776188254807443,3
ebae250e9,4,0.9840874928730629,4
df9cc49a1,3,0.5548644586119318,3
7f4fb6f7e,2,0.6941377701757113,4
bce56e27b,1,0.020992069662571916,1
ee83e7a09,2,0.28020525579225625,2
dff412d60,4,0.9895817135748718,4
ef836c3d3,1,0.04960348312859586,1
4ba068d30,1,0.030218213859949206,1
79d56bb63,4,0.5380189706111024,3
81bc89458,2,0.1277665474524439,1
9b0744be7,1,0.1713056549007412,1
5bd725e47,3,0.7389726843933033,4
51c72aa92,1,0.18846213652620122,2
2a19120e7,4,0.6959518996527239,4
233aeb07c,3,0.8209195044834914,4
f514f45f3,4,0.8502565697403203,4
ecf521843,4,0.5629502928523299,3
105c00abe,1,0.04348727517752552,1
68a6c1a24,4,0.8176022391540974,4
75bd3a017,2,0.6364484528067175,3
a9495309b,3,0.6355154719328254,3
6d43edbe9,3,0.5183227077178251,3
972fba985,4,0.9857979578085315,4
20f05426f,4,0.6909241693878609,3
8229b256e,3,0.5287928264137252,3
e42dea43d,4,0.6961592287358109,3
bcda757a8,4,0.9742393614264241,4
f15cd5cd9,4,0.5901104027367438,3
7931ba838,2,0.5859119888042296,3
19f38a3f0,4,0.7577877986834602,4
b73a7ca90,4,0.9937282952366143,4
d111847a0,4,0.8873684756129165,4
15721ae3c,1,0.06634530658788161,1
66409739c,2,0.16461929197118128,1
b386d20ba,3,0.5089410667081324,3
fa5957d1c,4,0.4755610843311045,3
dd9ee4a38,4,0.9336028611413466,4
8673a672d,2,0.5830612139117815,3
e61d62489,2,0.6009433473280464,3
cca88204d,2,0.25890219250505364,2
2d63b7c4f,3,0.6604467941740527,3
1f9a15807,3,0.5488000829316332,3
82607d1cf,1,0.12387912714456019,1
8d39ce00b,4,0.8912040636500285,4
6434d0273,4,0.9186233348883014,4
bdb6ebb91,2,0.8220598144404706,4
4a2ecd24c,1,0.1503135852381693,1
1cc20af0a,4,0.9309594153319857,4
bda06474b,4,0.8968537811641529,4
b9005c792,4,0.9013113564505261,4
88bffd281,3,0.36951225833203755,2
78ccb8039,3,0.45477634375161974,3
463be5788,3,0.3405898512413829,2
023979a33,4,0.8553879645467268,4
f45b98b4f,3,0.5094075571450786,3
3cf8487d4,2,0.1703208417560773,1
2b3387bd7,3,0.38319597781578807,2
25c681109,2,0.35717617788835326,2
7ddc32b12,3,0.5133986419945057,3
f0ac9ee6f,1,0.1769035401440937,2
dc1b809db,3,0.5179080495516509,3
1303e86df,2,0.2990722023531851,2
9ba39bba6,2,0.19748095164049137,2
e77dccf0d,3,0.43658321671072414,2
9e6da2bb1,4,0.7580987923080911,4
5546a54ef,3,0.4858238739439174,3
4248ee26d,3,0.08847768620743275,1
0e7ca23c9,3,0.3361841082257813,2
56147c737,3,0.5718136111543047,3
5fb30c1f8,2,0.8461099880785777,4
107d56dc4,2,0.5268232001243974,3
876453f9d,2,0.564090602809309,3
cc3fe68d2,2,0.14606333903488314,1
2f05bd40c,2,0.5892292541336236,3
dc7dad1da,2,0.28606230238946767,2
8b0fa13e1,4,0.9949204374643653,4
09898b12e,2,0.616544860830353,3
011350faf,4,0.93370652568289,4
8cae4a15b,4,0.9467164256466075,4
71f93d157,2,0.3237961955113253,2
a9fdc3e4a,3,0.4922510755196185,3
636389c7d,2,0.14855128803192869,1
a4221001f,3,0.5076970922096097,3
096c37d99,4,0.5294666459337584,3
aa40c19c2,4,0.7793500233245219,4
5419155f2,2,0.4479863162805162,2
9ecb47019,2,0.34546208469393047,2
34d903f17,4,0.7049188824962421,4
00f997463,4,0.9381122686984917,4
0b59a57ff,1,0.12849219924324884,1
fab1170a2,2,0.15694811589695745,1
fa87afa7d,2,0.40740164826621056,2
bb43b6a0d,4,0.7224381900171046,3
6bf08dced,3,0.33665059866272745,2
3facf6055,2,0.42310682631006064,2
3069e2d3c,4,0.8303529777639559,4
0fa25b7e5,3,0.5180117140931945,3
5d3ee6378,4,0.8493235888664282,4
145883970,3,0.6192919711812575,3
d56553e2d,4,0.7494946353599751,4
14f9ffbbc,2,0.5040170009848132,3
eeb377c0b,4,0.9941947856735603,4
04d4ce3a4,4,0.8546104804851501,4
9316ce78a,2,0.2822267143523558,2
146cd69b3,1,0.18846213652620122,2
9907dde11,3,0.4446690509511222,2
6d154eccb,2,0.15596330275229356,1
aa189a931,4,0.9035401440937126,4
5474cd2c2,3,0.4010262789612813,2
f25e91baa,3,0.5402995905250609,3
34d0c00d6,3,0.7128492199243249,4
95fc36030,2,0.24273052402425752,2
4fac67d06,1,0.1298398382833152,1
63f01ff3e,1,0.07469030218213861,1
c14b2f3da,4,0.9513294977452963,4
4733d5e7a,4,0.9856942932669881,4
5a7207717,2,0.6840304773752139,3
472abccfb,1,0.019851759705592702,1
d3740baed,2,0.2541336235940497,2
c4bc89962,2,0.19198673093868243,2
08b7e05a5,2,0.4567459700409475,3
47fd4a840,4,0.629658425335614,3
c61869b9b,4,0.8588607266884362,4
d99ea593a,4,0.7910122842481728,4
b16afc5dc,2,0.021614056911833306,1
6d1c4a5d5,1,0.007723008344995594,1
895f73f14,2,0.7674804333177837,4
01603d6e2,4,0.8924998704193231,4
4f7fc967a,4,0.882962732597315,4
1a76d3ffa,3,0.33172653293940807,2
8f1b39562,3,0.4891929715440833,3
05abbab5e,4,0.947804903332815,4
179c21d17,3,0.7143523557767066,3
55c23ed2e,1,0.224744726066449,2
6740be5a3,3,0.7988907894054839,4
a8e79c8c4,4,0.9713367542632043,4
ae03f99f2,3,0.408490125952418,2
026c5716f,2,0.8170320841756077,4
87b60f563,4,0.8797491318094646,4
e7a24f9e9,4,0.7922044264759239,4
236dd6cca,2,0.07178769501891878,1
92df22369,2,0.28336702430933497,2
5a5463e17,2,0.12144301041828642,1
d97d4b420,1,0.056808168765873635,1
7cd4ec150,4,0.9890115585963821,4
09db544ea,4,0.49095526875032397,3
f0885aa00,2,0.4052765251645674,2
c59d7c9f3,4,0.8511895506142123,4
bd263a880,1,0.4810034727621417,3
50fe7d515,1,0.01098844140361789,1
81734dbc4,1,0.16311615611879957,2
09c7b610e,4,0.382262996941896,2
10949ac80,1,0.1989322552221013,2
4e3586785,2,0.1022650702327269,1
0e5d845dc,3,0.2532006427201576,2
14831f659,4,0.9819623697714196,4
916165c1b,1,0.05390556160265381,1
a99a82e6d,3,0.6880215622246411,3
cb0309848,2,0.49515368268283827,3
146f076cf,4,0.9153060695589074,4
2c21d7f68,1,0.06603431296325092,1
d937730d8,3,0.2596278442958586,2
370fe2afb,3,0.48426890582076404,3
082a9b790,2,0.3697714196858965,2
e95d902dc,3,0.5706214689265537,3
b5521c7e1,2,0.33328150106256155,2
51f1d14b6,3,0.3618929145285856,2
e1e2b0af4,2,0.25454828176022387,2
e3fa5b2be,4,0.7986316280516249,4
9488e6011,1,0.22785466231275595,2
a5f576bb1,2,0.39511740009329804,2
ab67afee5,4,0.9663090239983414,4
b13e4afff,3,0.37236303322448555,2
65e386742,4,0.47649406520499665,3
95bc62678,4,0.7520862488985642,4
ad111a12a,3,0.36800912247965584,2
b48d47214,4,0.9411703726740268,4
1adc56d3c,4,0.9512258332037526,4
c16df543f,3,0.7761364225366713,4
80a2e14af,3,0.13777017571139794,1
7c9dc0791,2,0.38951951484994557,2
18c7d13d3,1,0.20888405121028353,2
e97e4eb52,1,0.035660602290986367,1
9fb89d88f,2,0.7784688747214016,4
1a5e5d34c,1,0.050691960814803295,1
c87f6d0e4,2,0.3802415383817965,2
cc2881a97,4,0.5970559270201627,3
9d9197e7e,1,0.11962888094127404,1
c40b30ff3,4,0.7887834966049864,4
b1bc7e3c7,4,0.7238894935987146,3
b4226db5f,4,0.8292126678069766,4
30ece8658,4,0.20142020421914686,2
8491fa23b,4,0.8771575182708755,4
95696f11b,2,0.07805939978230446,1
aa32ec730,2,0.26818016897320274,2
27456ec0f,2,0.5027730264862904,3
e3e70d2b0,3,0.2777173067952107,2
e93afb8ff,4,0.5099777121235681,3
f5dc6f316,2,0.34338879386305915,2
61d4dc56b,3,0.7636448452806718,4
052c95a93,1,0.3102679728398901,2
948a1a82c,4,0.9025553309490489,4
0bf2506a5,2,0.08381278183797232,1
e2c365994,3,0.38024153838179653,2
6308b5232,2,0.36189291452858546,2
c96f9d3a8,2,0.4959829990151869,3
6d945f8ec,4,0.9610221323796195,4
2857efde3,4,0.7857253926294511,4
b74c47541,1,0.22308609340175192,2
7b13bde34,1,0.005701549784896076,1
7218c8328,4,0.8299901518685534,4
d0c81c563,2,0.21696988545068163,2
95708d284,3,0.4869641839008967,3
da56f7030,4,0.7331156377960918,4
bc6abd32e,4,0.8784533250401699,4
f90f6ca1a,2,0.19566682216347897,2
37c989ac5,1,0.025501477219716993,1
f780d04ae,3,0.6834603223967242,3
152880177,4,0.8166692582802053,4
e3fa09b97,2,0.2505053646400249,2
8b8c51377,3,0.4775307106204323,3
9a053dbe6,1,0.29559944021147566,2
634f65242,3,0.5887109314259057,3
db24c8108,2,0.23189757943295497,2
fea9183f6,4,0.9936764629658424,4
bc0b9984a,4,0.7646814906961074,4
bc5ae0001,3,0.6489400300627169,3
2e73c3dc3,4,0.8664282382211165,4
d5176f7eb,4,0.5437205203959986,3
57785dbb8,2,0.4438397346187737,3
a5a240214,4,0.9456279479604003,4
6bd1fee01,4,0.9713367542632043,4
679dad3c6,3,0.6748043331778365,3
a385cb92a,4,0.9131809464572642,4
3779a7d91,4,0.6443787902348,3
71d834666,1,0.14476753226558856,1
9801a0f9c,2,0.1605763748509822,1
b84319e15,1,0.08469393044109264,1
5893d408b,2,0.16586326646970403,2
477d22816,1,0.11947338412895869,1
d574448ee,4,0.9822215311252785,4
ff43926c3,2,0.6529311149121443,3
6e31c1647,3,0.6662520085004925,3
c421064dd,2,0.1872181620276784,2
eb79f1cfa,3,0.5342870471155341,3
76aba4871,4,0.9495153682682839,4
8dd958339,2,0.22163478982014204,2
041dd606f,2,0.3480018659617478,2
e6151d695,2,0.24407816306432384,2
debec416c,4,0.9528326335976779,4
785a95244,3,0.5408179132327787,3
cac71d5bd,1,0.041310319805110664,1
041cf403e,1,0.13891048566837713,1
86fe4ed68,2,0.3681646192919712,2
f867cc417,1,0.16456745970040948,1
7a31d17c7,4,0.6597211423832477,3
74ca92e79,2,0.25345980407401647,2
ee640a6ba,1,0.14538951951484994,1
5366eff00,3,0.4114445653864096,2
7bb136045,2,0.21982066034312964,2
347be28a8,4,0.8619706629347431,4
dc99804de,1,0.3459285751308765,2
564ad520f,2,0.6183589903073654,3
c18984292,3,0.6644897112942517,3
560d2b399,4,0.9365573005753381,4
9f2e4a2e1,4,0.5633131187477324,3
df76ee4c1,1,0.3511636344788265,2
e50d881a7,4,0.8703674907997719,4
24fc91fae,4,0.5796402840408438,3
e30bac76c,2,0.07888871611465298,1
196f95fdb,2,0.3780127507386099,2
950dd345b,3,0.7202612346446897,4
df89cc1e0,1,0.11745192556885918,1
31eb7b312,3,0.1919348986679106,2
34c4e74a9,1,0.13502306536049344,1
9926c6e5b,1,0.12045819727362254,1
eb5dc081c,1,0.25890219250505364,2
7d11f10b1,1,0.3044109262426787,2
f152b2fd4,3,0.7158036593583165,3
166947bb4,4,0.8301456486808686,4
9a48cc316,4,0.5649717514124294,3
df9a4b31f,3,0.6853262841445084,3
ec4849051,4,0.8262582283729851,4
48c598ef0,1,0.06059192453221376,1
2f60db1f7,3,0.32364069869901,2
559afad4f,4,0.9894262167625564,4
dc589864d,3,0.674700668636293,3
86ff8539d,1,0.09314259057689317,1
7b5bee232,4,0.7757735966412689,4
b532e9588,4,0.9827398538329964,4
060e4ed30,4,0.6941896024464832,3
2885ade43,4,0.9695744570569637,4
fda733a81,2,0.3423521484476235,2
8538f4aa1,2,0.6497693463950656,3
ae4ebeb3e,2,0.4240916394547245,2
8f7265ddf,1,0.049966309023998345,1
c18a1acc6,4,0.6862074327476287,3
ef9196721,2,0.5895402477582543,3
ce3a876b1,4,0.7986834603223968,4
bc9c5a76d,2,0.03431296325092002,1
bedd7f1e7,4,0.9348468356398695,4
0a9f9f178,2,0.35121546674959836,2
bdff3528c,4,0.9824288602083658,4
8398c83ec,4,0.470688850878557,3
231ad764f,4,0.720675892810864,3
026c202c6,2,0.3353029596226611,2
f3cb6ffea,4,0.7472658477167884,4
aa68a3672,4,0.8647177732856477,4
a31d4c0f0,4,0.45798994453947023,3
e7b44276b,2,0.14207225418545585,1
bf2f22377,4,0.9592598351733789,4
536475bf3,2,0.7561809982895351,4
db03ddc32,4,0.8690198517597056,4
282c90ff4,4,0.9045767895091483,4
d7d0b2194,4,0.8219043176281553,4
ea3ebc38a,4,0.8885087855698958,4
5ef0ffe23,3,0.7342041154822994,4
4d76c16ab,2,0.22987612087285544,2
c659e8a32,2,0.3232778728036075,2
2c9f807c1,4,0.7934484009744467,4
ca7a148c0,3,0.515523765096149,3
c29059110,2,0.306950707510496,2
28cc87730,4,0.6550562380137874,3
3821d75e9,2,0.5999067019126109,3
bc7956085,4,0.534338879386306,3
cc22a5abf,2,0.339605038096719,2
f8710e158,3,0.4382936816461929,3
9fceca5de,1,0.04944798631628052,1
2c1c1b557,4,0.771938008604157,4
d8c1859cb,2,0.13326076815425283,1
1c28dc555,3,0.8039703519411185,4
4b3efcfe0,3,0.34292230342611313,2
f1dc8864e,2,0.20935054164722958,2
6c7fc08e6,2,0.11957704867050227,1
220e9aa26,4,0.8712486394028923,4
f6ae0d580,1,0.07634893484683564,1
b9f58834b,4,0.5787591354377235,3
3f169c299,2,0.44202560514176126,3
e40290fa0,4,0.7899238065619655,4
62b9cb163,3,0.5001295806769295,3
e04814e10,4,0.39190379930544755,2
a831df76b,1,0.5105996993728295,3
d92d4242a,4,0.5380708028818743,3
dc94a986f,2,0.1521277147151817,1
e80389ea3,2,0.5737314051728606,3
e5ea737ec,4,0.9531954594930804,4
3cdbf07be,1,0.05380189706111025,1
2fcdfb0e1,4,0.9855906287254443,4
19abfb0c6,4,0.8844658684496968,4
6afc6acee,4,0.9779712849219925,4
8632f7132,4,0.9324625511843673,4
da8d4a273,4,0.7525009070647385,4
3f50cc4fd,4,0.46379515886590994,3
56e231a77,4,0.8185870522987612,4
dae92dd61,4,0.21230498108122117,2
c46e29741,4,0.9989115223137924,4
4813a0d67,4,0.8381278183797232,4
2739ddaa6,4,0.8461099880785777,4
66fcb54d7,1,0.08757062146892657,1
c44a94d4b,1,0.06365002850774894,1
87bdcbcdd,4,0.8378686570258643,4
6cdfd6a41,4,0.7403203234333695,4
6c9382d17,2,0.16337531747265846,2
e0e8d63df,3,0.4354947390245167,3
85e72abd0,1,0.023946509096563522,1
e68c7d50b,1,0.0009329808738920852,1
1ddc14ad6,2,0.0036800912247965585,1
4ea7c5d48,4,0.7693982273363397,4
bb15b64ea,2,0.394184419219406,2
65180c32a,4,0.9889597263256104,4
bec6cc26b,1,0.21318612968434147,2
e0781fb0a,2,0.22873581091587622,2
f39938992,1,0.09117296428756544,1
1b1cf81d4,4,0.9351059969937282,4
f70a1bf5d,1,0.07904421292696832,1
ecaf2b938,2,0.4030995697921526,2
92caf1d01,4,0.9086197066293474,4
b66cae579,1,0.04048100347276214,1
fceb751c7,4,0.7846369149432437,4
ab4ef2577,2,0.4819882859068056,3
1a4464471,2,0.30917949515368265,2
0f9697729,4,0.8948323226040533,4
133af5fc3,3,0.4466905095112217,3
d56674978,2,0.4951018504120665,3
1533ebfd4,2,0.11838490644275128,1
89f28de34,4,0.8637847924117555,4
cbeb9fc1d,1,0.011247602757476806,1
e20a1885f,1,0.0361789249987042,1
17c5ded7d,1,0.1526460374228995,1
c0e61e2f0,2,0.06836676514798114,1
1afdf61ec,3,0.40418804747836007,2
840949648,4,0.48307676359301294,3
5780fe74a,4,0.8521743637588762,4
e5bb33a17,3,0.8465764785155239,4
ba6fee44e,4,0.7927227491836417,4
14c70761a,4,0.9293007826672887,4
859bcc995,2,0.02576063857357591,1
09ef02857,4,0.7973876535531023,4
91e8e97b1,2,0.12491577255999585,1
4909dc5af,4,0.6234903851137719,3
2b3d754de,1,0.07593427668066138,1
36b7411f9,1,0.8194163686311097,4
b589d804e,2,0.1250712693723112,1
8e343f4df,4,0.6935676151972219,4
c8e2a9092,4,0.28243404343544287,2
39c02e302,2,0.5961747784170425,3
c11df559d,4,0.9069092416938785,4
2ce1c6a93,3,0.4294303633442181,2
f2212e16c,1,0.15964339397709015,2
abd7a3201,4,0.9935727984242989,4
aded1fafc,2,0.26392992276991656,2
393365063,3,0.6472295651272482,3
902087c95,3,0.35810915876224536,2
8623ecf43,2,0.2673508526408542,2
cd8e8d7a1,4,0.7602757476805059,4
bc7ea0a3e,2,0.5376043124449282,3
3e9a56447,3,0.6811278702119941,3
fa64cfa4e,1,0.0586741305136578,1
6b574c312,1,0.24153838179650652,2
742dcad55,4,0.6695692738298865,3
2cfbdd28a,4,0.9946094438397345,4
742462799,4,0.6693101124760276,3
c220fd5cc,4,0.870833981236718,4
675bb16b8,3,0.8189498781941636,4
3757e3734,4,0.9768309749650133,4
b79275092,3,0.524076089773493,3
9e4e77074,2,0.04224330067900275,1
a2fecc9a4,1,0.19276421500025917,2
e99a775d2,1,0.10278339294044471,1
867308404,2,0.16218317524490747,1
92d830572,3,0.473539625771005,3
cb9cffdff,4,0.9257243559840357,4
0392c0c81,4,0.6596693101124761,3
c226ecabd,4,0.9978230446275852,4
7648e56db,4,0.9741356968848806,4
cf86cc5ea,3,0.6759446431348156,3
84d1eb4ab,4,0.689939356243197,3
96353db69,4,0.6978696936712797,3
f90575a63,4,0.8516560410511586,4
35149528a,1,0.04436842378064582,1
ae14a91dc,2,0.22505571969107965,2
687c0c2cd,4,0.614160576374851,3
d7c661670,3,0.20764007671176074,2
330f0e19a,1,0.519307520862489,3
8af959627,3,0.5322655885554347,3
711bebb99,4,0.985227802830042,4
a2c98c186,2,0.2951329497745296,2
c30dd6e9a,1,0.02327268957653035,1
134b82d89,2,0.33084538433628774,2
abf38029d,3,0.08422744000414657,1
eed4b685b,2,0.18602601979992742,2
a460a6274,3,0.35365158347587206,2
bb19c3013,4,0.9310112476027576,4
1c967561d,2,0.18664800704918882,2
3e82bfd8d,1,0.10796662001762297,1
1942485f8,4,0.8575130876483699,4
fb3bd80d1,1,0.29979785414399,2
8bf2cc0a1,3,0.34618773648473544,2
3d9b4bdc1,2,0.509303892603535,3
020cd1d50,3,0.7718343440626133,4
058d37dda,4,0.8953506453117711,4
8328ec7f4,2,0.07997719380086042,1
90dd998e2,2,0.3051884103042554,2
d418ea0ad,1,0.6179443321411912,3
bb76bfc79,4,0.9191934898667911,4
230b9040d,1,0.11724459648577203,1
30764a1fa,4,0.9880267454517183,4
076d6f830,2,0.02306536049344322,1
e3a5332ce,4,0.9171201990359198,4
d0d9596e3,4,0.45394702741927123,3
0907a14f3,2,0.3749546467630747,2
2cb9ce5ac,2,0.1633234852018867,1
6666265da,1,0.0376302285803141,1
0ffe99b25,2,0.09049914476753225,1
886e903a4,3,0.6904576789509149,3
d7d371a3d,4,0.7613642253667133,4
752c2658d,2,0.17472658477167882,2
502a2a9db,4,0.9902037008241331,4
09c00211e,4,0.8192090395480226,4
f743a63aa,4,0.6881770590369564,3
8170c6b01,2,0.10340538018970613,1
96a5fd573,4,0.9189343285129322,4
4f4f3cd98,4,0.6946042606126573,3
d6e342121,4,0.6033794640543202,3
db0b0bea6,4,0.6564038770538537,3
015da0878,1,0.2688539884932359,2
6c6a5b5ac,2,0.10801845228839475,1
c260c7b3b,1,0.21743637588762765,2
dffc5cef6,2,0.38272948737884205,2
6c06b0725,4,0.9868346032239672,4
d0a66003d,3,0.42341781993469135,2
b3ff03304,2,0.3915928056808169,2
1d669183f,4,0.9052506090291815,4
0de6709ab,4,0.8490125952417976,4
169fc07e1,1,0.08085834240398072,1
4a91d273b,4,0.665630021251231,3
0b24f7e7f,4,0.9386305914062095,4
598f1fdae,3,0.6174778417042451,3
76017363e,2,0.6768257917379361,3
6b42c0d29,4,0.6941896024464831,3
2b1f83255,4,0.48426890582076404,3
4e1034525,3,0.500233245218473,3
80621df6b,3,0.4020629243767169,2
798a0cb05,4,0.8124708443476908,4
ac8fa1b6c,1,0.07665992847146634,1
9d8dab6cd,2,0.378220079821697,2
e0238b8c2,4,0.9152024050173638,4
38063ee14,4,0.78074949463536,4
a00eaa0fb,4,0.29150469082050484,2
dd3856456,4,0.8976830974965013,4
9b721dcaf,2,0.5778779868346032,3
c57a0afef,4,0.9696262893277354,4
44cd12263,4,0.9113668169802519,4
3e6d8a2c9,3,0.703519411185404,4
cd37edf46,3,0.4414036178924999,2
e88f72461,2,0.5146426164930286,3
6679c179c,4,0.7387135230394444,4
0d2394669,2,0.5566267558181724,3
ea7ec0562,4,0.7120717358627481,4
949cb7ee9,4,0.6462447519825844,3
40b1839ea,2,0.20795107033639146,2
9fa760b69,4,0.9356761519722179,4
07b994326,1,0.0732389986005287,1
bfdff0622,4,0.8394236251490178,4
acb802c0c,1,0.15896957445705698,1
8c10b6035,2,0.27046078888716113,2
ff7d25ffb,2,0.4845798994453947,3
9e380d9a2,4,0.5380708028818743,3
b6c93a605,2,0.28704711553413154,2
d4c3abf4c,4,0.9358316487845332,4
a1a9e48a6,2,0.22122013165396778,2
11d3a4c0f,3,0.19685896439123,2
82137b39f,4,0.8030892033379983,4
a8eed143b,2,0.26113098014824027,2
783a33f4c,4,0.517856217280879,3
245b99f60,2,0.14502669361944745,1
f759dc332,2,0.12527859845539832,1
492e0cc50,2,0.3695640906028093,2
2f95b343a,4,0.6982325195666822,3
9d2fb911c,4,0.7800756751153268,4
04aa54436,2,0.2508163582646556,2
98128b920,3,0.6644378790234801,3
ccd36a0f2,4,0.8933810190224434,4
4c40ad026,4,0.7690354014409371,4
dd0b58409,2,0.39273311563779606,2
3227c4f2e,1,0.19691079666200176,2
bbff353ce,2,0.26569221997615716,2
b5010c15b,2,0.2161405691183331,2
56c329fdf,4,0.6053490903436479,3
dc76d9fa5,4,0.9703519411185404,4
68d430cbd,4,0.7893536515834759,4
f51e72db2,1,0.0898253252474991,1
8cb6dfa5b,1,0.13657803348364692,1
799a41eba,4,0.9481677292282175,4
ffb6a7f5d,1,0.06929974602187322,1
c6c1048af,4,0.7910122842481728,4
c9d955ac9,4,0.9657388690198517,4
7ceeeb9f2,1,0.06950707510496035,1
b2385d700,2,0.41901207691908987,2
41ce762ce,3,0.6783289275903176,3
3b95539f0,3,0.23293422484839058,2
03c323fcf,3,0.4030995697921526,2
40fa64194,1,0.00025916135385891254,1
428fd4ef7,2,0.5075415953972944,3
06c5ddbd6,4,0.8962836261856632,4
26428557f,2,0.034364795521691804,1
57d8f9bdb,1,0.12678173430778003,1
a322972da,1,0.11807391281812056,1
9725fc542,4,0.7246151453895194,4
de67abe0b,4,0.827709531954595,4
44a541574,4,0.36007878505157315,2
da6950564,4,0.926605504587156,4
af862a239,1,0.22318975794329546,2
195c119c9,3,0.5554864458611931,3
0e4049f6d,2,0.5443425076452599,3
72bd22c9e,1,0.17052817083916447,1
254dd6ba7,2,0.31337790908619706,2
35a730b12,1,0.053024412999533505,1
afa1e2afb,3,0.4319701446120354,2
3c97d1670,2,0.318872129788006,2
945a6fa56,1,0.06447934484009744,1
abc9c4207,1,0.06675996475405586,1
c7cb34ee2,2,0.08935883481055305,1
bca4defa4,1,0.16171668480796142,1
0a71e754f,4,0.8923443736070077,4
3859838cf,4,0.9279531436272223,4
f4212d640,2,0.06831493287720936,1
03ae93b48,4,0.998807857772249,4
eba773cbe,2,0.3800860415694811,2
fac19639c,1,0.0815321619240139,1
546a913cc,2,0.6056600839682785,3
8ece5f3ba,3,0.35582853884828697,2
4a0adfdd0,3,0.3798268802156222,2
7d6d03de2,4,0.6178924998704193,3
cef410e81,2,0.11594878971647749,1
b1c83d13b,1,0.003317265329394081,1
7be394a98,2,0.4652464624475199,3
ba3ee71f8,4,0.734774270460789,4
1aa527f5a,2,0.026952780801326907,1
884b9a6ec,2,0.19856942932669877,2
0be7a4adf,3,0.3745918208676722,2
6a864757b,3,0.47851552376509615,3
d17343468,2,0.5285336650598663,3
60923a60d,2,0.21779920178303014,2
e4b90955c,4,0.9488415487482507,4
228117dca,2,0.2699942984502151,2
2f3677597,4,0.8626963147255481,4
437bda050,2,0.07158036593583164,1
5357633c0,3,0.3395532058259472,2
ea3de2587,3,0.6136422536671332,3
45d2ddcb8,2,0.304099932618048,2
0e0d0a9af,3,0.7945887109314258,4
104d9b198,1,0.02145856009951796,1
43c661026,2,0.5868968019488934,3
798f4a1e4,4,0.937075623283056,4
a8da358d1,4,0.44446172186803506,2
f28036d8a,3,0.5695848235111179,3
9070ef426,2,0.20173119784377755,2
d73b2a4c6,2,0.30259679676566625,2
d2cd71ec2,4,0.9702482765769967,4
0340ac5f7,1,0.23381537345151093,2
b9fa9ce00,2,0.5796921163116157,3
6d089036f,4,0.8321152749701964,4
113920513,4,0.9041621313429742,4
db095d92a,4,0.9717514124293786,4
1ba42eca2,2,0.5154719328253771,3
66038a4b3,4,0.709480122324159,4
5bd405bac,2,0.3430778002384285,2
50418fb29,3,0.5184263722593686,3
645914c88,1,0.03249883377390763,1
9c5feed55,2,0.6249416886953817,3
e402f3b2f,4,0.996682734670606,4
a5edf3e84,4,0.868449696781216,4
a0c64fbad,4,0.6076815425283781,3
afc71f432,4,0.9737210387187063,4
6c4d7b09f,1,0.13466023946509098,1
b3faddf18,4,0.8816150935572488,4
4695c4fb3,4,0.6969885450681593,4
b26374255,1,0.3435961229461462,2
bd881326e,4,0.7749961125796921,4
140ef35de,4,0.9768309749650133,4
fd38d0da0,4,0.574819882859068,3
5451356cb,4,0.9150469082050484,4
746f52206,1,0.01653449437619862,1
88030e16e,2,0.2548074431140828,2
c13da6b92,3,0.7066293474317109,3
0e49eebb3,4,0.811252785984554,4
087313ba2,2,0.2803607526045716,2
76a045292,4,0.553879645467268,3
f9f914ed3,2,0.040532835743533925,1
4012be917,2,0.6033794640543203,3
b97569bc9,2,0.04488674648836366,1
72a7cb335,2,0.15694811589695745,1
62817491e,3,0.3747473176799876,2
7c82670f8,1,0.016223500751567924,1
9df9b11b1,2,0.40050795625356345,2
bdf00be34,3,0.5273415228321152,3
02af3813e,4,0.9865754418701084,4
9d5f190cf,2,0.3637070440055979,2
24c1d5a33,2,0.4155393147773803,2
d8e376a50,3,0.60918467838076,3
7cf37c7e2,1,0.190898253252475,2
b92781dca,2,0.27574768050588294,2
8dd28c706,2,0.5834758720779557,3
c4ef3ff97,4,0.7194319183123413,3
db5a260fa,3,0.6051935935313325,3
9d87fbd92,2,0.27782097133675426,2
b9f8cf52a,3,0.5773596641268854,3
5b6add800,2,0.4597522417457109,3
ba030cdba,4,0.9418960244648318,4
01e517961,4,0.7274659202819675,3
e94581522,4,0.8166692582802053,4
802a18435,4,0.7689317368993936,4
a06b5eb73,4,0.9344321774736951,4
e50fb0c6c,4,0.8683460322396724,4
5e203eeaf,3,0.9197636448452807,4
21260b18f,1,0.14186492510236873,1
0063f83c9,1,0.030062717047633858,1
a37e46e35,2,0.32804644171461156,2
1727cfc45,4,0.6313688902710828,3
f2c84786f,1,0.020059088788679832,1
3cc6084ca,4,0.9336028611413466,4
12c65f314,4,0.8580314103560877,4
ff6118cc2,1,0.14212408645622765,1
3060de782,1,0.3217747369512258,2
2e3bfe5a9,3,0.5724874306743378,3
81d404558,4,0.947338412895869,4
a7be93837,4,0.9308557507904421,4
9664bcecb,4,0.9248950396516872,4
f22f3578c,1,0.09703001088477686,1
a22499988,2,0.5360493443217748,3
2cdaa8a5d,4,0.8010677447778987,4
a3dfe1991,2,0.30959415331985696,2
a9e96f77b,2,0.09044731249676048,1
997db5df5,4,0.8206085108588607,4
954a6e415,1,0.010832944591302546,1
3b15c42d3,2,0.3906598248069248,2
626b056b5,4,0.9730472191986731,4
38c5d4e0e,4,0.5400922614419739,3
773243cf2,2,0.131550303218784,1
a4c903a3d,4,0.9032809827398539,4
24cc193f3,4,0.6227647333229669,3
5c496f946,2,0.24936505468304562,2
93685a66f,2,0.2640335873114601,2
5b3c81931,3,0.7267921007619343,4
791560e54,1,0.07033639143730887,1
5dff24075,3,0.5130876483698751,3
e6f4d14a0,4,0.7378842067070958,4
abfcb22bc,4,0.9898408749287307,4
0beacc42e,4,0.8032447001503135,4
3a9f1c036,3,0.7340486186699838,4
d4ce7a1ed,1,0.03685274451873737,1
cde5f25db,2,0.20230135282226713,2
27b1bdd40,4,0.8550251386513242,4
caaf719c3,4,0.9791115948789716,4
e3fcd8a2f,2,0.21769553724148652,2
f04c098ed,4,0.8595345462084695,4
58ee93558,4,0.8801119577048669,4
dcf366e02,1,0.04141398434665423,1
3b2b69d20,1,0.16192401389104857,1
221331819,4,0.9743430259679676,4
bf5bf91a2,1,0.13932514383455138,1
502c3e7ae,2,0.6291401026278961,3
9586639e9,1,0.04343544290675374,1
cfa67dca2,4,0.7049188824962421,3
e388a963d,4,0.8992380656196549,4
a22ddc666,2,0.21458560099517957,2
5e0519e3d,4,0.8574612553775981,4
daed3d063,1,0.1404654537915306,1
9b9873716,4,0.6606541232571398,3
df5f12e58,3,0.3763541180739128,2
281618ba5,3,0.40055978852433527,2
bd37ccdd5,3,0.5882962732597314,3
25765058c,4,0.7107240968226818,3
4891fdacd,4,0.7938112268698493,4
06cd6c623,2,0.1277147151816721,1
b921bfb80,4,0.8572539262945109,4
00bfa5da9,4,0.9991188513968797,4
baf7a42fd,4,0.9137511014357539,4
14ae60869,3,0.35904213963613746,2
75a286d8a,1,0.28419634064168353,2
97450a196,2,0.15311252785984555,1
9d24c695e,1,0.23682164515627427,2
05d3e4d55,1,0.010988441403617892,1
d6259561f,3,0.507386098584979,3
edf74226c,4,0.9642875654382418,4
c8e776446,1,0.05359456797802312,1
bdde3b5ca,3,0.7531747265847718,4
91e663cd2,2,0.3311045456901467,2
0633474d9,3,0.15280153423521484,1
854319675,3,0.7039859016223501,3
cc13183c3,3,0.3788938993417301,2
f0a2122d4,4,0.5568859171720314,3
bf5c5cded,3,0.8918778831700617,4
e09995135,2,0.1594878971647748,1
d476272d7,4,0.8878349660498627,4
56f7b3216,4,0.8119006893692013,4
23829dc63,1,0.05349090343647955,1
e6c3faeed,2,0.23169025034986782,2
01573c686,4,0.947804903332815,4
7575371db,4,0.8328409267610014,4
4b69bf0e7,2,0.5166640750531282,3
f42161740,2,0.21401544601669,2
bfe061b7e,1,0.010003628258954024,1
e88aaa263,1,0.045767895091483955,1
9b4dad348,1,0.056030684704296896,1
257a99aa2,4,0.9668791789768308,4
6261c9966,1,0.11833307417197948,1
87aff0121,4,0.8290053387238895,4
7542076e8,4,0.789560980666563,4
f64813f9e,3,0.452806717462292,2
417c09a08,2,0.1297880060125434,1
7bfe2d68f,1,0.10273156066967294,1
a6eb71dc0,2,0.33504379826880215,2
1c562d3a8,4,0.604364277198984,3
31b90821f,4,0.6433939770901363,3
81d82bda3,4,0.7918416005805214,4
21415ffb9,4,0.633442181101954,3
76b818bdb,1,0.08355362048411341,1
3e25d4fb8,4,0.9109521588140778,4
756025f7c,2,0.27958326854299487,2
570fdcc4d,4,0.8988234074534805,4
dd654a9e7,4,0.9082050484631732,4
5a2c8a05f,4,0.7818379723215673,4
044548f89,2,0.45384336287772764,3
09f75d8e1,2,0.1525942051521277,1
672bc370b,3,0.6748561654486083,3
f9f0a5dfb,2,0.09848131446638679,1
30fff49fd,2,0.38951951484994557,2
a21b6c40a,3,0.36883843881200434,2
35c0c3aca,3,0.5058829627325974,3
54c2d49bb,2,0.4543616855854455,3
8bc07d296,3,0.7065775151609391,4
a2cd5b78a,4,0.6829938319597781,3
2d837689d,4,0.40786813870315664,2
3928a4b23,4,0.8211786658373503,4
c278935de,4,0.36671331571036125,2
e3f51f5e0,2,0.295754937023791,2
2f0abd493,3,0.5886072668843622,3
649589d9f,2,0.48001865961747786,3
cc068a979,4,0.6813870315658529,3
ada57411b,2,0.38309231327424453,2
605fe21a1,3,0.3743326595138133,2
93d842736,2,0.7059555279116778,4
872317673,4,0.7806976623645882,4
b9da26f0f,4,0.46581661742600944,3
87e1b0c16,4,0.4747836002695278,3
350a14e36,3,0.16762556367594464,1
e1052f933,4,0.7124863940289224,3
387a2639c,4,0.9274348209195044,4
ea1318971,4,0.825325247499093,4
26365df53,2,0.2648629036438086,2
1635eac9a,4,0.972114238324781,4
af2f3a166,4,0.9336546934121183,4
283d93104,3,0.6253563468615561,3
6b6cdfdfe,1,0.050691960814803295,1
0edacb2ed,2,0.6873995749753797,3
c03b8b2db,2,0.06686362929559943,1
b84ad40b4,2,0.0862488985642461,1
19fd91f5b,4,0.7278287461773699,3
eaab63bd7,1,0.044627585134504745,1
7bce76c66,1,0.031047530192297727,1
01e5d357f,2,0.3006790027471104,2
615f5dc85,3,0.5962266106878142,3
868fb91f3,4,0.8750323951692324,4
35cf91e6e,1,0.35354791893432846,2
dd8817ccb,2,0.20644793448400975,2
eb652ec07,4,0.9945576115689628,4
d714680ff,2,0.05546052972580729,1
36edc334e,2,0.2871507800756751,2
fdc472b2e,1,0.24931322241227385,2
d25638f81,4,0.8958171357487172,4
62b2ac9fd,1,0.021147566474887265,1
500327aed,4,0.969989115223138,4
814430b64,1,0.10485668377131602,1
1fbf04fab,4,0.614627066811797,3
f9e3a51c1,1,0.03415746643860468,1
1f7bf1b32,4,0.8252215829575493,4
b623d9449,4,0.95231431088996,4
b5033c917,4,0.9114186492510236,4
b1350a4af,4,0.6511688177059037,3
ff96988fc,4,0.9115223137925673,4
2b4003be8,2,0.21852485357383508,2
9697ebf42,1,0.07463846991136681,1
2196b0156,3,0.4441507282434043,2
350116b16,4,0.7406831493287721,4
66125940b,2,0.6231275592183694,3
4482a8d57,1,0.0723060177266366,1
a1fc6f0bb,4,0.4278753952210646,2
b5ff2b987,4,0.8425335613953248,4
81ea0e01a,3,0.18193127040895662,2
df091dc6b,1,0.08757062146892657,1
e464e666d,3,0.5801586067485617,3
6083e589b,2,0.12284248172912456,1
40c0fdccb,4,0.9121961333126004,4
06bfadf29,4,0.6518426372259368,3
fae628c13,3,0.22220494479863162,2
1a91262f6,2,0.37490281449230284,2
a7b53e5ca,2,0.15762193541699063,1
a234c6496,4,0.4557093246255119,2
bdab91b8c,2,0.21997615715544497,2
e1af060fb,1,0.26076815425283784,2
8685b7512,4,0.8114341989322552,4
4cc05c35d,4,0.7805421655522728,4
308034707,3,0.6252526823200125,3
597a7afc2,2,0.6085108588607268,3
1940b59e7,2,0.2777691390659825,2
3501d8f4f,4,0.8262063961022132,4
482fc8a70,4,0.4995075934276681,3
ac1eab621,4,0.44803814855128804,3
38cf8b2f5,2,0.15699994816772922,1
32387ac37,4,0.8066137977504795,4
eb4dbddea,4,0.8828072357849998,4
8c0273869,1,0.04048100347276214,1
1fba9cbc9,4,0.7187062665215364,3
cd565b4f7,4,0.6488881977919453,3
ccdc0f862,2,0.012284248172912455,1
6ad1d75b2,1,0.14326439641320687,1
93a9e05b1,4,0.7377287098947806,4
daf1a8d08,4,0.8883532887575805,4
aa91c3400,1,0.15663712227232673,1
59f4e3255,3,0.3904524957238376,2
937c2e14f,4,0.9746021873218266,4
1d30559d8,3,0.6480070491888249,3
f13ba84ac,1,0.20007256517908054,2
8f639ea65,2,0.6327165293111491,3
7aa0bcef5,4,0.3566060229098637,2
c3ed4c50b,3,0.737158554916291,4
ae00eded4,3,0.7140931944228477,4
f522ad8d4,4,0.5005960711138755,3
5fdd708f3,2,0.41756077333747993,2
244144067,2,0.39708702638262583,2
c93e63352,3,0.842481729124553,4
103dd7bb1,4,0.7446742341781993,4
d672df50c,1,0.05597885243352511,1
836b6e6f3,4,0.8900119214222775,4
4555f9273,1,0.11029907220235319,1
d4427513d,2,0.5056756336495102,3
75f574b0a,2,0.4090084486601358,2
2e41f018c,3,0.3956875550717877,2
ef5fcd597,3,0.23713263878090496,2
e808d9fee,4,0.7858290571709947,4
dc996a1a4,1,0.10340538018970612,1
3101ea018,4,0.9747058518633702,4
da7680082,2,0.25879852796351005,2
9fe6f98a5,4,0.9550614212408646,4
997653f86,4,0.9057170994661276,4
130797334,1,0.24241953039962683,2
9115f86cb,4,0.7257554553464987,4
0e88c1c1c,4,0.8227336339605037,4
85188cb67,3,0.7789353651583476,4
24fee0cc4,4,0.9698336184108226,4
3ef5f0537,3,0.43523557767065774,2
d565f7c6f,1,0.23158658580832428,2
c7c443855,4,0.9112631524387084,4
412d6c47d,4,0.5347535375524802,3
768fb166d,2,0.19483750583113046,2
84f065b56,4,0.6836676514798113,3
de8b7400d,4,0.9871455968485979,4
a6e37f91b,3,0.38247032602498315,2
83b2fae5e,4,0.9805110661898097,4
6be26ea05,1,0.14735914580417767,1
9ef3d0eec,4,0.9715440833462914,4
2bbe22924,4,0.5272896905613434,3
1f2c63312,3,0.612242782356295,3
7f78266ab,2,0.1903799305447572,2
ea03ccbba,4,0.792152594205152,4
8bacce548,1,0.22039081532161922,2
b9568ee6f,3,0.8466801430570673,4
aece6e7bf,4,0.8776758409785933,4
ece36dc30,1,0.005131394806406469,1
cfe8c6bef,4,0.9720624060540093,4
ca144ac2a,3,0.567200539055616,3
484915b4f,2,0.24438915668895453,2
90dc0d83f,4,0.7808531591769036,4
87a679d31,4,0.7529673975016845,4
361e79f5f,1,0.1487586171150158,1
1a030d758,2,0.23801378738402526,2
d1dd377ae,2,0.14056911833307417,1
da928b2cd,4,0.7264292748665319,3
41175dcb5,4,0.8767946923754729,4
a7f77b3bd,2,0.09423106826310061,1
5d5942493,2,0.2929559944021147,2
285758945,4,0.7156999948167728,4
c71d537da,2,0.20167936557300573,2
26a4d7052,3,0.24775825428912038,2
ea9ad03dc,4,0.6435494739024517,3
0e1a54250,4,0.7911159487897165,4
406a1e534,2,0.5666303840771264,3
bc22c806a,3,0.4933913854765977,3
c1577c976,4,0.4230031617685171,2
a11245368,4,0.7679987560255016,4
146005aa0,3,0.9247913751101436,4
4407e70f3,1,0.12797387653553102,1
0902b6664,4,0.8018970611102473,4
988c18c10,4,0.8395272896905613,4
7c17de5f6,3,0.4224330067900275,2
0c0bae9fb,3,0.6559892188876795,3
6c5a7a1ef,4,0.6247343596122946,3
1f82a9cd0,2,0.6534494376198622,3
3ae51e685,3,0.5690665008034,3
bce2ed853,4,0.8356398693826778,4
22f6c0ac6,3,0.05784481418130929,1
b8750b910,1,0.10299072202353184,1
1811b1412,2,0.8997563883273726,4
4a3380641,3,0.2583838697973358,2
2469e58fd,4,0.338412895868968,2
acb108730,4,0.7316125019437102,4
c5f1eb8b6,1,0.14404188047478358,1
e7e23bfbf,1,0.12237599129217851,1
7e4ac998c,4,0.8509303892603534,4
24357b578,3,0.15228321152749702,1
cf9e48222,2,0.38148551288031934,2
6e77550de,4,0.355102887057482,2
029b05087,3,0.18960244648318045,2
e59c8fc76,4,0.6472295651272483,3
416d8761e,1,0.16980251904835952,1
e4406b18a,4,0.907272067589281,4
7adf54516,3,0.6850671227906494,3
e4eb08c79,4,0.6853781164152801,3
89446d475,4,0.8449696781215984,4
163adc370,3,0.6227647333229669,3
e01e4a2fb,2,0.04561239827916861,1
de1a20009,2,0.3571243456175815,2
0b501f1d8,4,0.6445342870471155,3
0f544b558,1,0.050329134919400824,1
ecafbb542,2,0.1475664748872648,1
4b0b7dd2f,4,0.6408023635515473,3
bd9d521c5,3,0.4385528430000518,3
4f6c8d13e,3,0.6129684341471,3
1eb041ff3,3,0.7363292385839424,4
755f10f8a,4,0.7283989011558596,4
e2cf62da9,4,0.667081324832841,3
6784b2fcd,4,0.7317161664852537,4
45bec784b,3,0.35847198465764785,2
3c008b0b7,3,0.5882962732597316,3
7ddf00d90,4,0.9712330897216607,4
d7dd71467,4,0.7164256466075779,3
82e86dcbb,2,0.17996164411962887,1
d353b436f,4,0.8651324314518218,4
c74d9c9f3,2,0.5248017415642979,3
8c1658988,2,0.13082465142797906,1
4892ceb8d,4,0.628932773544809,3
bed78eb25,2,0.31928678795418025,2
c763f19ef,1,0.4352874099414296,3
28c34e5dc,3,0.5766340123360805,3
39e0f5513,1,0.09791115948789715,1
5b11611ff,1,0.3295495775669932,2
e833d08bb,2,0.3119266055045871,2
b5aa169b4,4,0.6933602861141347,3
5183f369d,4,0.8723371170890997,4
99cbd42dc,2,0.836780179339657,4
f91cc9f0d,2,0.11905872596278444,1
19af88854,4,0.7795055201368372,4
3d8a35224,3,0.26621054268387495,2
2e5e35de8,1,0.17659254651946302,1
f1afd4033,1,0.26107914787746855,2
d6fd7962e,4,0.8930700253978127,4
5ed5663ae,2,0.25439278494790857,2
9e6570928,4,0.9997926709169129,4
7ec72b62f,2,0.459959570828798,3
0a7798d2b,1,0.07432747628673612,1
4b2aa880a,3,0.3538070802881874,2
27e16a68d,2,0.06618980977556627,1
06c724ada,1,0.020318250142538744,1
46687a6d1,4,0.8616596693101125,4
16abc088f,1,0.13004716736640232,1
326b17344,3,0.8339812367179807,4
63ea7cfeb,2,0.19457834447727154,2
ee4acef8d,3,0.4183382573990566,2
0bf83cc3e,4,0.7349297672731042,4
a76983523,4,0.899445394702742,4
5bc5b2ced,4,0.454724511480848,2
3244cff21,1,0.06173223448919296,1
b4060a70e,4,0.7802311719276421,4
8a302ccba,4,0.939926398175504,4
0d47275d4,1,0.30244129995335095,2
28a0ae4fe,4,0.7422899497226974,4
b278cd182,4,0.6264448245477634,3
a89f8b241,4,0.8948323226040532,4
cf85bd080,2,0.22604053283574355,2
850875906,1,0.07121754004042917,1
4c31c7db9,1,0.3554138806821127,2
b3580fea4,4,0.8803192867879542,4
cc9f9c4c1,2,0.3668688125226766,2
ada1e6f38,1,0.09412740372155703,1
b412a3f6a,3,0.5275488519152024,3
f749cd744,4,0.8531073446327685,4
774de959c,4,0.669465609288343,3
ad491b969,2,0.2234489192971544,2
a86bbc71f,4,0.8823925776188255,4
2c8ae4c7e,4,0.8944176644378791,4
8bf0f354b,2,0.4180790960451977,2
b3c62d7f8,4,0.6256155082154149,3
26a351904,2,0.12838853470170528,1
e50174698,2,0.5207069921733272,3
daf955524,2,0.40387705385372935,2
76a063a20,3,0.4377235266677033,3
b4eb7f4df,2,0.41896024464831805,2
1b36762d2,1,0.20142020421914683,2
3b7aad341,4,0.8595863784792411,4
470e49e41,3,0.0767635930130099,1
f61c4cead,3,0.7651998134038251,4
2e1853b79,3,0.5529984968641476,3
a92b06d0f,3,0.49836728347068887,3
60c1c2fbd,2,0.307676359301301,2
17a5487d2,4,0.7194319183123413,3
2831adaff,3,0.7865028766910278,4
f7be274e0,4,0.6068522261960297,3
d8179f4d9,4,0.922769916550044,4
8e5356302,4,0.875809879230809,4
9fb8e5e73,2,0.08557507904421292,1
0ced977d7,4,0.7676877624008708,4
348591b3f,1,0.5023065360493444,3
47787f847,4,0.8893899341730162,4
4e797dcdd,4,0.5766858446068522,3
6d4f64bb7,2,0.16975068677758773,2
fb278c21e,4,0.9904110299072202,4
1d2a7f0dd,1,0.2818638884569533,2
030f32f08,4,0.9430881666925828,4
91c2edae8,3,0.6016171668480795,3
8ec043344,4,0.9875602550147722,4
d5ba03e9a,4,0.8817187580987923,4
bea6f651c,4,0.9720624060540093,4
4866e37fe,2,0.37334784636914947,2
4d27ab123,3,0.5584408852951848,3
26ceb4ba8,2,0.3688902710827761,2
93329ec1a,3,0.4071943191831234,2
9a8cbb0c8,4,0.9767791426942415,4
8df053c7e,2,0.30192297724563316,2
8a3efc6c4,3,0.5682371844710518,3
f980544af,1,0.24646244751982585,2
f982548b8,4,0.9739802000725651,4
b279ec774,1,0.26232312237599126,2
2931d3eac,4,0.44565386409578606,3
b62d80c49,1,0.22422640335873112,2
f75724b44,3,0.6446897838594309,3
dafa3b086,2,0.09381641009692636,1
8760ee6e3,4,0.8425335613953248,4
8849d3fe9,2,0.10972891722386358,1
728a08a8b,4,0.924221220131654,4
39e0cc98e,1,0.013372725859119888,1
9acd96273,4,0.9797854143990049,4
8bc5380ca,2,0.0655159902555331,1
99c2ceb33,1,0.05800031099362463,1
a3d8c3aaa,1,0.4072461514538952,2
a7344d7f5,1,0.5410252423158659,3
af8fdab18,1,0.030373710672264548,1
7d73574ed,4,0.9592080029026072,4
fd32c2466,4,0.37656144715699996,2
d41aa1c62,4,0.596278442958586,3
a904d6da4,2,0.5910952158814077,3
17b2d4cd6,4,0.5163530814284973,3
41c61ed91,3,0.6885917172031307,3
42e7de7c0,4,0.9417405276525165,4
218f8bb3a,4,0.9704556056600838,4
4fdebca57,2,0.5389001192142228,3
763264fa2,3,0.41833825739905667,2
a1fb1b5bb,3,0.4869641839008967,3
9976d9007,3,0.3097496501321723,2
c5af48975,2,0.5073342663142073,3
f981112a8,3,0.4544653501269891,3
f0ba86cc6,2,0.019851759705592702,1
da80c8aa2,4,0.6979733582128232,3
45f8df95e,3,0.5013217229046805,3
653f94080,4,0.9502410200590887,4
97f683e04,1,0.3051884103042554,2
a0bcee7e2,1,0.044523920592961175,1
b8daff578,3,0.6334940133727258,3
c0f651276,2,0.5052609754833358,3
9b52894bc,4,0.6969885450681593,3
67e7da152,3,0.5242315865858084,3
7295b4948,2,0.7271030943865652,3
a92c2f233,4,0.8120043539107448,4
9aa40019a,4,0.9587933447364329,4
9adf0f234,4,0.9453687866065413,4
dcdf98438,3,0.5094075571450786,3
96a0b8d03,1,0.15160939200746384,1
0d34bfde7,2,0.18265692219976157,2
618430208,2,0.19426735085264088,2
5071e525c,4,0.8328927590317732,4
2a9223451,2,0.22267143523557767,2
b34a57b41,4,0.753330223397087,4
b8d35b6c3,3,0.6522054631213393,3
f231e1f78,2,0.12854403151402063,1
49a832741,2,0.4719846576478515,3
e78a33d4a,1,0.4056911833307417,2
3bcc3be83,4,0.9385787591354378,4
387701d9d,3,0.2873062768879905,2
976fcf5a9,1,0.051521277147151816,1
5208915a3,2,0.25361530088633183,2
172c8129a,4,0.6917534857202093,3
529025eb8,3,0.29316332348520185,2
2e76362c0,4,0.6653708598973721,3
ca7aa9eec,2,0.12071735862748147,1
dee525fcd,3,0.5731094179235993,3
c9feb3eb3,4,0.8647177732856477,4
7a84326ff,4,0.9111594878971648,4
e3acd4da3,3,0.7299538692790132,4
233ddf40c,2,0.11299435028248588,1
37fadf608,4,0.8869019851759705,4
42ea2e045,4,0.8475612916601877,4
7ee058c3d,4,0.5064012854403152,3
a03da4900,3,0.696107396465039,3
0abff77fe,3,0.8024672160887368,4
0dff88b6f,2,0.19805110661898098,2
3ba4ccb80,2,0.4884154874825066,3
6819ce556,3,0.3077800238428446,2
0173c456c,4,0.5599440211475665,3
756308d39,1,0.041362152075882445,1
b1cb5d0ec,2,0.1407764474161613,1
1c92ce464,2,0.4218628518115379,2
51366110e,2,0.3692530969781786,2
b857d5ac6,3,0.6650080340019696,3
d83f60849,2,0.056134349245840466,1
943611bd0,1,0.0011403099569792152,1
2a154e41c,2,0.4993520966153527,3
216840542,4,0.6778624371533718,3
7da9d50b1,3,0.6226092365106516,3
107c30c6d,4,0.9550614212408646,4
e01f077a7,4,0.7573731405172861,4
e9cf01a21,4,0.7384025294148137,4
a6adb9a9f,2,0.6205359456797802,3
f64fd2354,4,0.9467682579173794,4
4544aecf7,4,0.8310267972839891,4
2262be7e9,2,0.310060643756803,2
91c023cb7,4,0.4686673923184575,3
19d8b1d8e,2,0.1543565023583683,1
67221a8f8,1,0.04768568911003992,1
4b148edd2,1,0.03384647281397398,1
cc42556cb,1,0.004975897994091121,1
fbf954ea2,1,0.13232778728036074,1
b98316a91,2,0.36930492924895036,2
816005a03,2,0.12481210801845229,1
d72dafbea,4,0.4770642201834862,3
3166b0f31,4,0.9059244285492148,4
9a7885841,3,0.42756440159643394,2
afe19c37c,1,0.03690457678950915,1
5bf976dd7,3,0.469963199087752,2
87ec8e435,3,0.40823096459855907,2
14b3376eb,2,0.31223759912921784,2
8a0a8eec0,4,0.7203648991862334,3
67d74124e,4,0.9366091328461099,4
0719de933,4,0.9491525423728814,4
caa616482,2,0.29326698802674545,2
d39684633,1,0.06572331933862023,1
4b8b0a817,2,0.41237754626030165,2
8d6c8d486,3,0.180168973202716,1
c670993fc,1,0.153008863318302,1
102482c40,4,0.8301974809516405,4
829889fa9,1,0.09946612761105063,1
8e2723a38,4,0.6505468304566423,3
48aa8ee7c,2,0.20017622972062407,2
46ef61c91,1,0.4607370548903747,2
b940cf8b8,4,0.6349971492251075,3
9e9ce66e9,4,0.8654952573472244,4
c1ba2169b,2,0.09640802363551548,1
083f50328,4,0.8675685481780957,4
ef896feeb,4,0.9467164256466076,4
de43c6ce5,2,0.14715181672109057,1
162c1d98a,2,0.13564505260975482,1
e4f17eace,2,0.26558855543461357,2
deda21b9a,2,0.1763852174363759,1
6984c9c58,2,0.05442388431037163,1
92d0ff357,2,0.3289794225885036,2
e2bb56954,4,0.997615715544498,4
b9d28a286,4,0.8785051573109417,4
429017e9a,3,0.619136474368942,3
000a290e4,2,0.16809205411289066,1
c78fa1a45,4,0.6809205411289069,3
c60e6aff7,3,0.1914684082309646,2
d1a9104a1,2,0.334836469185715,2
ad66b0f44,4,0.8869538174467423,4
066521b34,3,0.45679780231171935,2
969b9bb00,2,0.4274607370548904,2
f785304ad,2,0.3241071891359561,2
172555cfd,3,0.4607370548903747,2
f6ec35f31,4,0.8976312652257294,4
faf4fd269,2,0.1715648162546001,1
82db604c8,2,0.5402477582542891,3
175af62c1,2,0.12994350282485875,1
f83695eb0,4,0.13320893588348107,1
a9ec75efb,4,0.8817705903695642,4
9d1b799e7,4,0.74643653138444,4
c37419ab7,1,0.002747110350904473,1
394c13865,2,0.09490488778313377,1
63dad490d,3,0.518374539988597,3
c52b99ee2,4,0.8837402166588918,4
1a2816f0f,2,0.395843051884103,2
b28951b61,4,0.738609858497901,4
be467e42b,4,0.5944124812108019,3
be7ff8075,3,0.2884984191157415,2
52363327c,4,0.8122635152646037,4
890127ff5,3,0.5058311304618255,3
9deed930d,4,0.7940703882237082,4
dce0ccf91,4,0.8629036438086354,4
1c3793826,2,0.4281863888456953,2
1077fb67a,2,0.09386824236769813,1
b7359384d,2,0.26211579329290413,2
11c88e3be,2,0.36349971492251076,2
2c007007f,1,0.08246514279790597,1
6b0103c04,2,0.4533250401700098,3
687e9c33c,4,0.9325662157259109,4
9003318e5,4,0.9943502824858758,4
2463e0981,4,0.8011195770486704,4
0256cac2b,4,0.8311822940963044,4
e6a856527,2,0.18965427875395222,2
8044a4f7e,4,0.6471777328564764,3
8f9bfc9f4,2,0.4150209920696626,2
706c85343,2,0.3728295236614316,2
2e111f82d,4,0.8744104079199709,4
8717133d3,4,0.9846058155807805,4
2ccf25b91,4,0.5584408852951848,3
2b530d418,4,0.7678950914839578,4
22de1a590,2,0.23915409734100454,2
39444f259,2,0.128699528326336,1
e5155cda1,2,0.17177214533768725,1
407af6f7d,2,0.4669569273829886,3
8a9c5472e,3,0.4976416316798839,3
934546487,2,0.8634219665163531,4
8ca443ef0,3,0.6602912973617374,3
7e19f2890,2,0.32716529311149123,2
a1e9aae7c,2,0.48001865961747786,3
53923463d,3,0.4259057689317369,2
fee500b95,3,0.4810034727621417,3
0a140a67e,3,0.7625045353236924,4
ab3d83bd1,1,0.6531384439952314,3
8a0cfdd56,4,0.3579018296791583,2
0c859ef92,1,0.31477738039703523,2
1d5be4060,3,0.05717099466127611,1
0acd95320,3,0.944954128440367,4
b80b51bda,3,0.0726170113512673,1
885c668e4,3,0.11294251801171411,1
4a78a1859,1,0.2537707976986472,2
c60a12958,3,0.17068366765147983,1
b207cf9ea,2,0.41870108329445915,2
8d91ae666,2,0.3532369253096978,2
954243934,4,0.5472451148084797,3
64f41ee68,4,0.8427927227491837,4
bf0dd40e3,3,0.6051417612605609,3
c662b7876,2,0.3880682112683356,2
733f9942b,3,0.8793344736432903,4
564356241,3,0.9476494065204997,4
78e5e19b6,1,0.08661172445964858,1
b3a19b9dd,2,0.7479914995075934,4
8b2be8807,1,0.9469237547296947,4
69ba8d92e,3,0.9254651946301768,4
230e1df8f,1,0.4418701083294459,2
9dfcbe364,3,0.42554294303633444,2
9edf8fff1,1,0.0832944591302545,1
ec9da833d,1,0.16104286528792824,1
88edfa259,2,0.493080391851967,3
38e12233c,3,0.8791789768309749,4
09f6e29b8,3,0.0030062717047633857,1
350208e1a,2,0.8725444461721867,4
5c67a27f5,2,0.7449333955320583,4
e0ec9b89c,2,0.5977815788109677,3
5550a68dc,4,0.14818846213652623,1
fe65d17b1,4,0.8706266521536309,4
76495d7f4,4,0.5906805577152335,3
85ed50b25,1,0.4016482662105427,2
4696fb463,2,0.15969522624786192,1
7115607a0,3,0.4661794433214119,3
dd4f3b8a8,4,0.4915772559995854,3
51714821c,3,0.6745451718239776,3
c7f4e4fb5,2,0.7353962577100503,4
f8d831236,1,0.9661016949152543,4
fc52c0c82,1,0.8650805991810501,4
e9dbf1095,1,0.18441921940600217,2
20f870155,2,0.5747162183175245,3
ebc345fe0,4,0.385372933188203,2
ad8569001,1,0.3834033068988752,2
ed40421f9,2,0.7946405432021977,4
9b9cadd98,3,0.6635567304203597,3
322b32801,4,0.7948997045560565,4
881d46cc0,2,0.37707976986471775,2
c39e5de99,4,0.629917586689473,3
bcf546cb8,1,0.08858135074897633,1
f1e99433d,2,0.38848286943450994,2
e0b6196d9,1,0.1568444513554139,1
6824120c3,3,0.2477064220183486,2
8d51c3200,1,0.35966412688539884,2
de591574b,3,0.5830093816410097,3
c76d9c5b9,1,0.2134971233089722,2
8d50d37f8,2,0.4874825066086146,3
48088c0e2,4,0.5088892344373608,3
dd13b36c6,3,0.5023583683201162,3
435f419f9,1,0.8468874721401544,4
507e734af,4,0.5118436738713523,3
3b901ae31,4,0.04519774011299435,1
38fc09756,2,0.5476597729746541,3
d0101e748,4,0.8839475457419789,4
14ee9a2bb,2,0.6471259005857046,3
5d1fa8ddf,2,0.6255636759446431,3
d7de7e8fd,4,0.1461151713056549,1
98e211da3,1,0.6593064842170735,3
037464956,1,0.2727414088011196,2
b9405015b,3,0.08355362048411341,1
01b167b92,3,0.5880889441766444,3
9ba7b7b9c,2,0.2764215000259161,2
8e68a9075,3,0.5526875032395169,3
7d7b5bf2f,2,0.7518270875447054,4
3daf36ca1,3,0.1342974135696885,1
812ec1ab5,2,0.02000725651790805,1
e12797ab1,4,0.7202612346446898,4
54b2051c1,2,0.23531850930389261,2
062633cb1,1,0.29300782667288655,2
52a539ef3,1,0.36914943243663506,2
d0c3c032a,4,0.8949359871455967,4
fd7811109,4,0.6247861918830663,3
f6dc58442,3,0.6567148706784844,3
6840e38e5,1,0.05162494168869538,1
f024e91b9,3,0.8418079096045198,4
cf51903db,4,0.48307676359301305,3
fea8ba32e,4,0.9381641009692635,4
818df5a9f,4,0.6028611413466024,3
6b4a3074d,2,0.4551391696470222,3
ca90f9062,3,0.3979163427149744,2
f0982978a,1,0.22842481729124553,2
19745f3dc,1,0.7959363499714923,4
b1021dc35,3,0.9517959881822423,4
eab44dad9,2,0.5213808116933603,3
804e56f9b,1,0.4019592598351734,2
04e7d89c0,3,0.1458041776810242,1
1436092b4,2,0.7139895298813043,4
a90161422,4,0.5291038200383559,3
5d9feff2e,1,0.04690820504846318,1
54e0ac09d,4,0.7209868864354948,3
d8df310c9,3,0.3571761778883533,2
ef55e89bd,3,0.20826206396102212,2
1ae342ed5,1,0.8201420204219146,4
21d26302c,2,0.61441973772871,3
1aa8ed8dc,3,0.35147462810345714,2
4e3640544,3,0.8756543824184938,4
bb675d874,2,0.5784481418130928,3
7125e101b,3,0.41398434665422695,2
9699a3d34,2,0.764059503446846,4
39bf24ec8,3,0.6995801586067486,4
fa97a865d,1,0.8868501529051988,4
9cd08bb2c,3,0.24521847302130306,2
0ef640aaf,4,0.5393666096511688,3
d46569700,1,0.12517493391385476,1
2d725d001,1,0.28611413466023944,2
1fd2f589f,4,0.819364536360338,4
34fcc459a,4,0.6319390452495725,3
eef0fa0ef,2,0.026330793552065513,1
b3cf90bd1,3,0.9316332348520188,4
b1dd64fa6,3,0.012491577255999585,1
6f0cb510a,1,0.4395376561447157,3
3c0c76a42,4,0.7802311719276421,4
dea0253b6,1,0.46706059192453225,3
6d1596957,4,0.4429067537448816,3
0ea2638e9,3,0.6876587363292387,3
7e87938c3,2,0.3938215933240035,2
37d0748c2,3,0.7903384647281397,4
7f7080e6b,3,0.27263774425957604,2
056cc22d2,4,0.6655781889804593,3
533916bd6,2,0.055460529725807284,1
37884b086,4,0.14025812470844348,1
b62619afd,2,0.270979111594879,2
1c69743d6,2,0.6175815062457887,3
8ad784999,1,0.1941636863110973,2
cdcaefa4b,2,0.5525320064272016,3
1bea097f1,2,0.5483854247654589,3
a080c1037,2,0.8427927227491837,4
648897870,1,0.09920696625719172,1
cd9c84ec2,1,0.7144560203182501,3
b0c159af4,1,0.29456279479604003,2
e3a680ce0,1,0.12512310164308296,1
8ff0818d5,3,0.06779661016949153,1
fa07f7477,2,0.1274037215570414,1
fb4078a22,3,0.003939252578655471,1
b66715e26,1,0.3830404810034728,2
65dc47112,3,0.2225677706940341,2
1d9604897,2,0.8129373347846368,4
09c629b05,1,0.391800134763904,2
9c31047a7,1,0.3517856217280879,2
90f1bb168,1,0.5243352511273519,3
64070899d,2,0.9142175918727,4
3998bcfec,2,0.5747162183175245,3
f6f2f9424,2,0.8615041724977971,4
2f19ac5ab,3,0.006271704763385684,1
a3e7124c8,2,0.5842533561395324,3
a8cfbf446,2,0.776447416161302,4
ae0bc846b,2,0.36375887627636966,2
553b720c2,3,0.4018037630228581,2
338ccb571,1,0.17146115171305654,1
6608d48b2,2,0.714974343025968,4
326a3c785,3,0.40693515782926454,2
ca2c00404,2,0.44943761986212616,3
37bbc6060,3,0.4274089047841186,2
0a1b56e66,2,0.4090602809309076,2
1f4378ff6,1,0.14751464261649302,1
eed29a312,3,0.5285336650598663,3
0459c7bb7,4,0.4485046389882341,2
11b20ee8f,2,0.560773337479915,3
9dca0bf20,3,0.516456745970041,3
86219b4fe,3,0.43015601513502305,3
a427984f4,2,0.7082361478256362,4
1b59f9f38,3,0.5101332089358834,3
f33f3512e,3,0.3926294510962525,2
8cbae6e2a,1,0.7389726843933033,4
5c62b4a8e,2,0.6843414709998447,3
caa5d1e6b,3,0.43699787487689834,3
a2dc697f6,3,0.2708754470533354,2
6dcce539c,3,0.4648836365521174,3
67e41958c,1,0.5391592805680817,3
3a67f200f,4,0.20162753330223396,2
44da8c2a0,2,0.6047789353651584,3
91e996718,1,0.09739283678017933,1
1e62e6022,1,0.37816824755092515,2
20bf4bf39,1,0.2233970870263826,2
a14f8bd53,4,0.2937334784636915,2
1a1e3aa63,2,0.7473176799875603,4
95636a0d9,1,0.7226973513709636,4
703c9a23b,1,0.343181464779972,2
2774ef93f,2,0.10682631006064376,1
83defd365,1,0.6065412325713989,3
b114199dd,1,0.20618877313015083,2
714e287c7,3,0.8569429326698804,4
74fb03e51,1,0.6832529933136371,3
32618b795,4,0.4285492147410978,3
41e4574a6,1,0.3330223397087026,2
f47679843,3,0.25828020525579226,2
9b1241ef0,3,0.5804177681024205,3
f0bfe80e3,4,0.6691027833929404,3
60b188249,1,0.759550095889701,4
14e788800,1,0.3924221220131654,2
5678616cc,1,0.4100450940755714,2
411bba4e8,3,0.7295392111128388,3
939268f8e,2,0.0009848131446638677,1
3b4a987ba,4,0.5163530814284973,3
5cba5c76a,3,0.4189084123775462,2
ea303d329,2,0.6233867205722282,3
5ccf203a3,3,0.8666873995749754,4
3bc3e9db2,2,0.6191883066397139,3
63562f208,1,0.06810760379412222,1
8a6ba0a40,4,0.4224330067900275,2
b25d569cd,4,0.4303115119473384,2
7e48ad81b,1,0.6842378064583009,3
ce50f376f,2,0.5765821800653086,3
ade6b8efc,2,0.01031462188358472,1
baa309426,3,0.3591976364484528,2
942af9028,3,0.16643342144819365,1
acd9e66f1,1,0.4330586222982429,3
11cc5a797,4,0.15788109677084952,1
90bcfd0e4,4,0.7827191209246877,4
6085869a7,3,0.7329083087130047,4
35542ae3e,1,0.44072979837246673,2
fb9ae7d12,1,0.1511429015705178,1
e0b36580b,1,0.515005442388431,3
bd7b805ba,4,0.3417301611983621,2
98ae7d88d,3,0.5294666459337584,3
c15d26817,1,0.7984242989685377,4
7f9f1a2d0,1,0.847716788472503,4
0243911ea,4,0.8957653034779454,4
06cc44fad,3,0.1348157362774063,1
fd1bf9554,3,0.7815788109677085,4
12e711074,4,0.1585030840201109,1
0497f7012,3,0.7299020370082413,3
9b9e24b37,2,0.8681387031565854,4
1945c0690,4,0.33328150106256155,2
434691342,3,0.8862799979267092,4
8f90bba4c,1,0.7267402684911627,4
522b73db7,3,0.15357901829679158,1
abdeff83f,3,0.9664645208106567,4
df880995b,3,0.6704504224330069,3
5f28b76d7,4,0.5565749235474006,3
7d526090e,1,0.2657958845177007,2
bc4bbcef1,1,0.11460115067641112,1
89df794d1,2,0.02197688280723578,1
c45e47c4c,1,0.34986782770953195,2
bdb0f50e0,2,0.5747162183175244,3
d30dcea91,2,0.37661327942777173,2
cc0eced0d,2,0.7049188824962421,3
71297d780,2,0.42844555019955427,3
4963e95ce,1,0.3640180376302286,2
a1b3dafc9,3,0.23137925672523715,2
6ea65996b,3,0.938267765510807,4
50d1c2157,2,0.10584149691597988,1
2fe763187,3,0.7820971336754264,4
704737525,1,0.27429637692427306,2
af75249aa,1,0.3059140620950604,2
97b469d4b,2,0.7338412895868968,4
5e17c1fde,1,0.23697714196858966,2
35f9818a7,4,0.6486290364380864,3
60786724b,2,0.28036075260457166,2
4a4d8cadb,2,0.8399419478567355,4
a4dd57b11,1,0.24205670450422434,2
9795221d0,3,0.8718187943813819,4
276ce7f3a,3,0.16280516249416888,1
db08f8564,2,0.6085108588607268,3
1c59513dd,2,0.22552221012802573,2
7b872f1aa,1,0.5322137562846628,3
bcdaf8640,3,0.6002176955372415,3
75ee37fa5,3,0.7036230757269476,4
14580436c,2,0.5713989529881304,3
d77baafda,3,0.6366557818898045,3
959064f3c,2,0.06919608148032966,1
0f27a7baa,1,0.5223137925672523,3
02f7300db,1,0.5084227440004147,3
a952a211e,2,0.41351785621728093,2
ad8b02fcc,2,0.595345462084694,3
a97467fb6,4,0.6365002850774892,3
c7e3c3270,1,0.2789612812937335,2
7ea900f4d,2,0.3203752656403877,2
f53be74bd,1,0.521432643964132,3
3a0e3b527,2,0.4703778572539263,3
b8215b5e3,3,0.43710153941844193,3
3ec367f79,3,0.45524283418856587,3
a3af82b71,3,0.3201679365573006,2
277014d80,3,0.1455450163271653,1
1b3dcf712,3,0.684704296895247,3
1a2c91362,2,0.8554916290882705,4
ed1f38a40,3,0.9592080029026072,4
b756bfae3,2,0.6346861556004768,3
88c07e663,4,0.6720053905561603,3
418a25e6b,1,0.349608666355673,2
1f467ba22,4,0.6408023635515472,3
4acf3e30e,1,0.4106670813248328,2
de12dc945,1,0.6948115896957446,4
506697cb9,2,0.8755507178769503,4
9882871d9,1,0.3197014461203545,2
d30087066,1,0.7737521380811695,4
bd9e87899,4,0.7119680713212045,4
4e2440e26,4,0.5980407401648266,3
a3f6438ea,1,0.7620898771575183,4
3948f67d7,3,0.9715959156170633,4
894d76b65,1,0.5332504017000984,3
7e0f474bc,1,0.32996423573316747,2
123f15578,4,0.4955683408490126,3
2fa8b64b1,1,0.540766080962007,3
b0d8b0778,3,0.6383662468252734,3
6cc070892,3,0.6855336132275954,3
66bd449fc,3,0.7643186648007049,4
1b752d78e,2,0.65920281967553,3
65f56897d,3,0.39791634271497434,2
1c4f5efa8,2,0.7054372052039599,3
9191da7b5,4,0.2884984191157415,2
84d7ac922,2,0.8004457575286373,4
72626612c,2,0.3090758306121391,2
586585da9,1,0.0094853055512362,1
b3fa60bc7,3,0.4675270823614783,3
2679a20fe,3,0.9065464157984762,4
409ad5a23,4,0.5278598455398331,3
63c93929a,4,0.20556678588088947,2
59ad17125,1,0.747162183175245,4
94ae813d8,1,0.364380863525631,2
cf49e1549,4,0.3163841807909604,2
fd123a15d,4,0.4495412844036697,3
dc549e010,1,0.38977867620380446,2
14a9958e0,3,0.46047789353651586,3
9193c38af,4,0.4936505468304566,3
b5158ef9e,2,0.2558440885295185,2
d7976886b,1,0.7833411081739491,4
147e587da,4,0.8938475094593894,4
e152df77a,1,0.41237754626030165,2
9ee623346,1,0.32364069869900997,2
493d9cc81,2,0.6773441144456539,3
9676b5e36,3,0.7625045353236924,4
fbaec0999,1,0.6080962006945524,3
cc8459867,1,0.610117659254652,3
90b438e96,4,0.2012128751360597,2
7942b62ef,2,0.08039185196703467,1
ea678fb08,4,0.5717617788835329,3
086857d70,3,0.6842378064583009,3
dc1c9f8d5,3,0.8511895506142123,4
245bfe92f,3,0.7424972788057844,4
f06cf606d,3,0.2139636137459182,2
72d753384,4,0.6238013787384026,3
aca9ddee7,3,0.25206033276317835,2
343c1f526,3,0.5288446586844969,3
c3b263e8f,3,0.17089099673456695,1
4a4db4d32,2,0.2794277717306795,2
5ab4df736,1,0.7558700046649044,4
3268dcfd0,3,0.5617581506245788,3
e69dd7d09,2,0.9620587777950552,4
e585b064b,1,0.24703260249831546,2
355048bb7,4,0.6196029648058882,3
a9bcc4196,1,0.39097081843155546,2
23874f644,3,0.4659721142383248,3
4cc8c07d5,3,0.5179598818224226,3
86379f12f,2,0.01995542424713627,1
43ff07bab,4,0.8754470533354066,4
8071fcc9c,1,0.760016586326647,4
8eb5d1d04,2,0.694448763800342,4
56d6e2c8b,4,0.5832167107240969,3
bba70dd12,3,0.3325040170009848,2
c9d8b22d0,1,0.10117659254651946,1
68ab069e3,4,0.6422018348623854,3
e3d68b63c,3,0.4792411755559011,3
86ce90970,3,0.6702430933499196,3
44d1246e0,1,0.21271963924739545,2
dd2452dfa,1,0.4160576374850982,2
0697d76d2,1,0.4030995697921526,2
5b31b0fa4,4,0.16358264655574561,1
b4809e7d1,4,0.17042450629762093,1
85ec1aac0,4,0.4088529518478204,2
d2be70a4c,2,0.30477375213808117,2
adfd0f0bc,2,0.028766910278339292,1
134e12e92,3,0.8030892033379983,4
115a4b208,3,0.3274762867361219,2
ee6e0abe4,1,0.2044264759239102,2
ef8d291b0,1,0.6822681801689732,3
aba758b7f,3,0.6259783341108175,3
a27a03914,3,0.6046752708236148,3
12ccd5019,2,0.609392007463847,3
6bbcc7ea5,1,0.3199606074742134,2
a1cb8764d,1,0.6315243870833981,3
cc261e309,1,0.5166640750531281,3
b7d2d752f,1,0.6595656455709324,3
b342437c5,2,0.07163219820660344,1
9b8805c58,1,0.48965946198102933,3
f54941314,2,0.662779246358783,3
e4abb93bf,3,0.5230394443580574,3
3f1b7bea6,2,0.7673767687762401,4
c03fe7452,2,0.6296584253356139,3
d4e96e3ce,3,0.9234437360700772,4
3e4f81782,2,0.6872959104338362,3
67be298a7,4,0.5029803555693776,3
5d0551d53,2,0.7741149639765718,4
36f3f7027,1,0.40978593272171254,2
67825bf81,2,0.007152853366505987,1
574919b00,3,0.13051365780334837,1
d35c1ab62,2,0.20442647592391025,2
6b94af372,2,0.27408904784118593,2
92d4c1513,2,0.7300575338205567,4
0045ed62a,3,0.18151661224278234,1
1dc8f0fd4,3,0.40014513035816096,2
cb423070b,1,0.14279790597626082,1
52c904832,3,0.025864303115119475,1
96ba0193d,2,0.6207432747628673,3
6dac572be,2,0.8130928315969523,4
43ae30dd8,1,0.09775566267558182,1
1dcd8bc8a,1,0.6171668480796144,3
ebd78e1d4,2,0.40755714507852586,2
f8db6e695,1,0.29477012387912715,2
6efbd2584,4,0.8750323951692324,4
1adf071b0,2,0.0993106307987353,1
5f72e457d,4,0.5273415228321153,3
fffa39a6a,3,0.3126522572953921,2
05a05d562,1,0.8464728139739801,4
ffab93d18,2,0.4612035453273207,2
a1019e087,3,0.40247758254289123,2
489466e53,1,0.7660291297361738,4
ef9b5808b,2,0.1123723630332245,1
e0f46aa3e,2,0.8772611828124189,4
8b1abca6a,2,0.7226455191001918,4
a21f5e84b,1,0.48546104804851503,3
a484694a1,2,0.10558233556212097,1
e26548e11,3,0.5174933913854766,3
0cde9b460,2,0.6779661016949152,3
382dd71c1,4,0.843414709998445,4
e093c4886,3,0.36526201212875137,2
2c24655fe,1,0.5175452236562484,3
4bff9728d,1,0.1434198932255222,1
ad6387a7e,3,0.5810915876224537,3
ddb95945a,1,0.23531850930389261,2
cfbd5c54d,3,0.7528119006893691,4
9d356b9f6,3,0.3447364329031255,2
479500716,4,0.7288653915928056,4
ad786540e,4,0.30218213859949206,2
1c2dfa92d,2,0.5554864458611931,3
69ba6c8d8,1,0.18037630228580315,1
0cb52145c,1,0.4145545016327165,2
8b65f9305,3,0.23319338620224953,2
018188075,1,0.10159125071269372,1
6dd6363f0,2,0.747628673612191,4
fb9474822,4,0.169439693152957,1
a43d578dd,1,0.4709998445031877,3
d404012af,4,0.5776706577515162,3
02f37d829,1,0.2642409163945472,2
9eca51592,2,0.8683460322396724,4
046d3a9d9,2,0.017208313896231796,1
183160bf0,4,0.4594412481210801,3
29bcccb7c,3,0.8389571347120718,4
057e5347f,4,0.42481729124552947,2
cbdeed3f9,1,0.33623594049655314,2
f0057428e,1,0.2569325662157259,2
16349e686,4,0.605089928989789,3
5dbd7f61b,2,0.6199657907012907,3
07dd9a0a5,3,0.6917534857202093,4
6bf713e5d,3,0.06328720261234645,1
a3eb4fe4d,4,0.5621728087907532,3
2ac3ca459,3,0.42699424661794433,2
939ca33f6,1,0.5886072668843623,3
f9464ddbf,1,0.3861504172497798,2
88db34068,1,0.5020473746954854,3
ec5aeb98a,2,0.8124708443476908,4
485887f4c,2,0.8324262685948272,4
27867018b,4,0.579847613123931,3
7cbf39f49,2,0.24843207380915358,2
4fe9ef7ce,3,0.8639921214948427,4
27bf3ae34,3,0.03550510547867102,1
5ab1e209b,1,0.8464728139739801,4
1819e298c,1,0.19437101539418444,2
5dace0494,1,0.6309542321049085,3
75fccfb43,4,0.08780386668739958,1
7ca5ee472,1,0.3401233608044369,2
f594a2e18,2,0.4167832892759032,2
c35cc3520,4,0.17089099673456695,1
9b6b350c8,4,0.4403151402062924,2
e73b8f98b,1,0.0832944591302545,1
91df1b68f,1,0.5703104753019229,3
1d1c1d51d,3,0.8862281656559374,4
6d6390b1f,2,0.24495931166744414,2
d3fd60eb9,3,0.6067485616544861,3
29b04f54d,3,0.05250609029181569,1
cb9eb954c,3,0.31068263100606436,2
2b8832432,2,0.0346757891463225,1
839aa5fd0,2,0.185663193904525,2
c5ee96818,2,0.5087855698958171,3
420f5cd9c,3,0.37422899497226975,2
8ff587b75,3,0.06510133208935884,1
3f5405630,2,0.15129839838283315,1
6c909e8d0,2,0.5569895817135748,3
6264e2ffa,4,0.22764733322966882,2
8c70e9de2,1,0.4528585497330638,3
0d440b00e,2,0.9343803452029235,4
4bef58278,4,0.5370341574664387,3
1acab1703,2,0.40797180324470017,2
f67dcb4b3,1,0.2958067692945628,2
c1653516e,1,0.26947597574249726,2
4e3e41b78,1,0.1787176696211061,2
64ea61ea7,4,0.40268491162597836,2
4999e2693,2,0.23474835432540297,2
dd55841d4,2,0.16555227284507334,1
cd870fb18,2,0.44197377287098943,3
ca1df3f71,4,0.818172394132587,4
7af4cab5e,3,0.0168973202716011,1
382cc2865,2,0.3369615922873581,2
44bc5f67c,1,0.24205670450422434,2
7b9cc47f0,2,0.6665111698543513,3
4212729be,2,0.7929300782667288,4
bc14cca27,4,0.7550406883325559,4
154d24447,1,0.15337168921370445,1
1e1e7c4ec,2,0.6572850256569741,3
9c1ec9939,3,0.074120147203649,1
e78e9736a,2,0.5470896179961645,3
affc18183,1,0.4785673560358679,3
518e71b74,3,0.8104493857875914,4
72d68bbd0,3,0.4146063339034883,2
c84e9ae78,2,0.7981651376146788,4
e3883d4f0,1,0.3322966879178977,2
c70a3fcc5,2,0.2593686829419997,2
1ff11cef6,4,0.21209765199813405,2
94918fff6,3,0.7381433680609547,4
b41fd3816,3,0.7387653553102161,4
7c3481fda,3,0.09998445031876846,1
86c131c22,3,0.686155600476857,3
fe2209833,2,0.04524957238376614,1
87143ebd2,1,0.32970507437930857,2
f726dd490,4,0.7302130306328719,4
f2716e1e5,3,0.915876224537397,4
9f104904f,4,0.39154097341004507,2
c63dc4adb,2,0.667081324832841,3
2db012118,1,0.37168921370445235,2
026ebf139,3,0.3973461877364848,2
c573a0ce7,3,0.08785569895817136,1
765bd139e,1,0.6590991551339864,3
f922bd640,4,0.7668584460685223,4
8425c2a48,3,0.8468874721401546,4
5a3ea9e8a,3,0.4919400818949878,3
4f35cb8e6,4,0.38972684393303264,2
d584d51b2,1,0.4923029077903904,3
445c703ff,2,0.3764059503446846,2
e442c149f,2,0.06613797750479448,1
334975a99,3,0.7189654278753953,3
bb2a14bd0,1,0.27740631317058,2
4bff1ab0b,1,0.394184419219406,2
69a1bfaa9,1,0.5283781682475509,3
3f568e3a2,1,0.7277250816358265,4
ada93cece,4,0.9452651220649977,4
745fd19b8,3,0.9341211838490645,4
d6b7b63de,2,0.5199295081117504,3
4785a8894,4,0.39014150209920695,2
3e946254a,1,0.15819209039548024,2
9fcc4951d,3,0.14212408645622765,1
4bb0c8226,3,0.894935987145597,4
677282310,3,0.5629502928523299,3
6a8d98847,3,0.8895972632561033,4
12dd13adf,1,0.10760379412222049,1
045543730,3,0.597729746540196,3
0b04b1c7a,4,0.16798838957134712,1
08ee62d43,3,0.4389675011662261,2
b567ca662,2,0.878919815477116,4
85e0c743b,2,0.34903851137718345,2
ad9d334b5,3,0.07717825117918416,1
4501e7e4f,4,0.338412895868968,2
2d79d25fa,2,0.5001814129477012,3
636d6a0d9,3,0.589384750945939,3
6c64dd197,1,0.5752863732960141,3
a5f82d04e,1,0.464728139739802,3
6dac8ec35,3,0.4509407557145078,3
a479a1a6a,3,0.6378997563883274,3
bb5917ca8,1,0.2971025760638574,2
4cc70e613,3,0.32084175607733373,2
bf20ac1c9,1,0.2171772145337687,2
b3f69b209,3,0.7118125745088891,3
314e041cc,3,0.12315347535375525,1
e7a74fca8,3,0.5017363810708547,3
9c87d70e5,1,0.7371067226455191,4
692bde33a,2,0.33924221220131656,2
8b2d9c8f5,4,0.5076452599388379,3
a2124f529,1,0.3245736795729021,2
a091487fb,3,0.5498367283470689,3
09cc3f346,1,0.43062250557196907,2
30917edfa,3,0.3377390763489348,2
95855babf,3,0.6408023635515473,3
8fe2cf87b,2,0.28678795418027264,2
dcba09ff1,1,0.69729953869279,4
dfe361097,2,0.6511169854351319,3
161de24f6,2,0.5300368009122479,3
d0f8b280d,1,0.06717462292023013,1
f10390965,4,0.5128284870160161,3
f94ea9d92,3,0.6448452806717463,3
086ed2122,3,0.7527600684185973,4
8520800b1,1,0.355102887057482,2
a09a76aba,1,0.2960659306484217,2
b440a9cf1,4,0.5635204478308194,3
ad6cfec5c,1,0.24355984035660602,2
1d6149d17,4,0.4386565075415954,2
b985b4ff9,2,0.5808324262685949,3
62bf4037c,1,0.16161302026641788,1
4748cdef4,4,0.15985072306017725,1
d3dd7e6a7,4,0.04125848753433888,1
7ed037049,3,0.6612242782356295,3
04391c798,4,0.8474057948478723,4
80255c391,4,0.5098222153112528,3
32148e0fc,1,0.39869382677655113,2
fe3d0c6e4,4,0.47680505882962737,3
42b8f0aa7,1,0.17752552739335511,1
24787403d,3,0.6892655367231638,4
455d243eb,3,0.3256621572591096,2
b7142b615,3,0.16669258280205257,1
66ad04874,4,0.2771471518167211,2
88a264f0d,2,0.14912144301041827,1
9e5011264,4,0.07780023842844555,1
351d29156,1,0.08319079458871093,1
ebbf04d10,3,0.5873114601150676,3
1104fe6bb,4,0.2188876794692375,2
0b819602d,4,0.4430104182864251,2
f57efd0b9,1,0.2255740423987975,2
a43540943,1,0.868190535427357,4
505ef85e6,1,0.34820919504483494,2
2b34c70e7,1,0.09785932721712538,1
5b9bed882,3,0.1721868035038615,1
5f0bfe5a9,3,0.6799357279842431,3
0deeed2d9,3,0.40574301560151355,2
109d21b69,2,0.9176903540144093,4
7d0aedfb3,2,0.22666252008500495,2
b022c1924,1,0.24723993158140256,2
a08030c6f,4,0.8001347639040066,4
96607bca0,2,0.05188410304255429,1
1d1451061,2,0.2229305965894366,2
469894776,2,0.6922718084279272,3
85f3279a4,3,0.6349971492251075,3
50cbc6c8f,1,0.34577307831856113,2
6219a1e79,3,0.5092520603327632,3
d48e16ef4,4,0.3212045819727362,2
9ff4a6c4f,2,0.13263878090499145,1
bdf4a9ed9,2,0.7140413621520759,3
bd7f4fcee,4,0.4829212667806977,3
4c6fe4100,4,0.3647955216918053,2
6f18704f7,2,0.5321100917431193,3
11a30eacf,4,0.4573161250194371,3
1e6c42df6,3,0.6617426009433474,3
1565d09ad,2,0.29601409837764997,2
95a89f5f2,2,0.6582180065308662,3
12a280806,4,0.3500233245218473,2
10fbc9548,1,0.44321774736951225,3
4298e4c15,1,0.37267402684911627,2
f2aac285e,1,0.9026589954905925,4
56845ff26,4,0.9297672731042347,4
4ae940ec2,2,0.5801586067485616,3
2acc0a068,1,0.1469444876380034,1
937d74077,2,0.6560410511584512,3
20d4ea30e,3,0.12113201679365575,1
6632022cd,2,0.6841341419167574,3
6b0da38ae,1,0.2842481729124553,2
98e1a3f01,1,0.5058829627325973,3
c91873618,2,0.24402633079355207,2
a993cd91a,2,0.6489918623334888,3
979d48d7b,1,0.8195718654434251,4
0b3763054,3,0.030840201109210597,1
6786609aa,1,0.4516664075053128,3
120ae4dd3,3,0.1548229927953144,1
5096467b6,4,0.37371067226455196,2
fd740c8dc,1,0.3291867516715908,2
b3f83cef6,1,0.3228632146374333,2
120805f93,3,0.6596693101124761,3
81d6d070c,1,0.4607370548903747,3
fd2f64ea7,4,0.5547089617996165,3
53b89efb9,1,0.0873892085212253,1
5a181c011,2,0.5504068833255585,3
3e82e76cb,3,0.25268232001243973,2
ef06f5641,2,0.08516042087803866,1
3bc0357ce,3,0.19836210024361167,2
099115d38,2,0.458767428601047,3
79b439763,2,0.26714352355776705,2
1d13441b9,3,0.09977712123568133,1
fee5e43b2,3,0.8552324677344115,4
8e0d93659,4,0.10299072202353184,1
5f79b840f,2,0.8759653760431245,4
f8b975c1f,2,0.5321100917431192,3
871a00e21,1,0.7262737780542166,4
59a3ee7ff,1,0.3724148654952573,2
476d40031,3,0.4886228165655937,3
9d76ed82f,2,0.35365158347587206,2
beb93c6ab,4,0.8371948375058311,4
de41ebc79,2,0.7071995024102007,3
dbe634a4c,2,0.540766080962007,3
b446053b6,1,0.8617115015808842,4
c220b4764,1,0.09039548022598869,1
0d3081480,1,0.4899186233348883,3
9dfee7db3,2,0.9895298813040999,4
1380b76cf,2,0.2830041984139325,2
84b297843,4,0.5763748509822215,3
6bed4e9d5,3,0.23915409734100454,2
7cf995ca4,1,0.11361633753174727,1
eb7f34ac5,2,0.4023739180013477,2
bd54c995a,1,0.47089617996164407,3
f03a41229,2,0.3887938630591406,2
e8f6ede8c,2,0.8292645000777483,4
4d767b639,2,0.08878867983206344,1
ef0b07c6b,3,0.19841393251438344,2
365aaebc8,2,0.5712952884465868,3
dcd0002db,2,0.20411548229927953,2
1d8dd930a,1,0.24501114393821596,2
52c49d6b6,1,0.09220960970300109,1
80034deb8,3,0.9557352407608978,4
48c9474d9,2,0.6635567304203597,3
6b29b45d9,2,0.6768776240087079,3
33f28ad35,4,0.5993365469341212,3
2f0805ceb,3,0.37754626030166377,2
fb9783859,4,0.9911366816980252,4
e348d720a,3,0.3864095786036386,2
1d373c973,4,0.12382729487378842,1
b9e27a268,3,0.08096200694552429,1
6c55e596d,1,0.3697714196858965,2
e0bf99ea2,2,0.5205514953610116,3
184a51562,1,0.5776188254807443,3
a16c6d55d,1,0.14414554501632715,1
3de1de812,3,0.44648318042813456,3
aa0d42c80,1,0.2305499403928886,2
258026ebe,3,0.7717825117918417,4
3a1f2a306,2,0.7222308609340176,4
e86d8e932,4,0.5051573109417924,3
72b0f5c4d,2,0.3409526771367854,2
43ddb2eb4,2,0.27372622194578344,2
2dd6e4186,2,0.4731767998756025,3
66f6cd1cb,4,0.9791634271497435,4
20559d623,3,0.6221945783444772,3
f845bd0c0,2,0.5972632561032499,3
6ea2ddaf2,1,0.43710153941844193,3
e6645c764,2,0.7169958015860675,3
543130f60,4,0.8755507178769503,4
c382bae22,3,0.7880060125434095,4
79786edcd,4,0.4468978385943088,3
aecff5a85,3,0.5089928989789042,3
cd89328a8,3,0.9654797076659928,4
d9f512b8b,3,0.15850308402011093,1
6e06e37bc,3,0.46047789353651586,3
d9fca8be8,3,0.2713937697610533,2
22992ecd0,1,0.6063857357590835,3
539177546,1,0.09936246306950708,1
996b92780,2,0.0011921422277509977,1
dfdbfce71,2,0.8676722127196393,4
e5ffc0a9d,3,0.11682993831959777,1
f99a5e817,4,0.995231431088996,4
3ee05e0d5,3,0.7408386461410874,4
2352b7f0e,4,0.2417975431503654,2
02401db5e,1,0.2624786191883066,2
b0c2a069c,3,0.12237599129217851,1
3c43b7541,4,0.6774996112579693,3
c239d1834,3,0.4839579121961333,3
2d19917cb,2,0.0809101746747525,1
06afa3c64,3,0.7350334318146478,4
f86f15c15,4,0.8425335613953248,4
d4b2dcfb6,4,0.32726895765303476,2
d560b8003,1,0.5705696366557819,3
ce971a506,3,0.01611983621002436,1
a21b2a42c,1,0.8293163323485202,4
c39793853,3,0.7593427668066138,4
f77a6e11c,2,0.5656974032032344,3
6cb5e1b06,1,0.2125123101643083,2
81ffabdc8,2,0.0764525993883792,1
8d92ada81,1,0.5058829627325973,3
1c4d6faac,4,0.7820971336754262,4
f52510492,3,0.6679624734359613,3
96ad2141c,2,0.7659254651946302,4
c4ea89ddb,1,0.3699269164982118,2
897fde926,2,0.34364795521691804,2
e7fae9937,3,0.4915254237288136,3
5f3a4dab0,3,0.3305343907116571,2
d4c6c89ab,3,0.613901415020992,3
2619f003d,1,0.6344269942466179,3
46fdbf640,3,0.37728709894780493,2
6d22192b4,4,0.5384854610480485,3
27ce98a2e,4,0.5018918778831701,3
0fa63169f,4,0.1966516353081428,2
4dcee3363,1,0.14269424143471723,1
48615e613,1,0.7302648629036438,4
725ee6572,3,0.2299279531436272,2
137916924,4,0.3245218473021303,2
d6b0d8aa9,4,0.45016327165293113,3
18734d13e,1,0.4891929715440833,3
a31b05e99,2,0.5333022339708703,3
8ff8aefca,1,0.6024983154511999,3
faf13c5cd,3,0.5845125174933914,3
a2cf852c0,1,0.2788576167521899,2
7fb135352,2,0.35930130098999635,2
e507f855b,4,0.015238687606904057,1
a972114e1,4,0.7292282174882082,4
df09bd082,3,0.1642564660757788,1
29e6c171d,2,0.3002643445809361,2
388cd5b9c,1,0.5638832737262219,3
4edc9ecc5,1,0.7160109884414037,4
059d8d91f,4,0.6793137407349815,3
47cda4c03,3,0.10169491525423728,1
7d7eef3d3,2,0.8407712641890841,4
b05a3ca1d,1,0.7890426579588451,4
2e1fcc8c4,1,0.344373607007723,2
58a10d0cd,4,0.9232882392577619,4
fe83618e5,1,0.6783289275903176,3
18427ab22,3,0.32301871144974864,2
98231df17,4,0.6514279790597626,3
bbdcd94a9,4,0.4314518219043176,2
208beeb80,2,0.17944332141191108,1
a143b5edf,1,0.5341833825739906,3
48cb3c66a,1,0.0723578499974084,1
fb6c5726f,4,0.4031514020629244,2
c863daf49,3,0.2510236873477427,2
e60bbc064,2,0.4713108381278184,3
bd0a144b0,1,0.26024983154512,2
3c7dd9982,1,0.1615611879956461,1
748943e29,2,0.7292282174882082,4
7b3332622,2,0.8063028041258488,4
662564431,1,0.5275488519152024,3
3afe6f1fc,2,0.9414295340278858,4
cd4b05b8c,4,0.344373607007723,2
c14530f38,1,0.5694811589695745,3
99d5d4d41,3,0.258591198880423,2
0f24b6cd6,1,0.22199761571554447,2
fe3a83fe5,1,0.27263774425957604,2
9981290b2,4,0.8348105530503291,4
82aa52460,3,0.17908049551650854,1
add617e3c,1,0.7377805421655523,4
86e49d18d,4,0.32172290468045406,2
75310196e,4,0.6955372414865496,3
a0c1384d1,3,0.5079562535634686,3
3acfe9fcd,4,0.38112268698491675,2
7395e5c70,3,0.1853003680091225,2
4427541c0,1,0.893743844917846,4
2185647c2,4,0.0598662727414088,1
1a2f33fec,2,0.7453480536982325,4
16504b328,3,0.4097341004509408,2
3004c3401,4,0.5097703830404811,3
d1d9012db,1,0.48204011817757736,3
35d860fe5,3,0.7545741978956096,4
ef8782012,1,0.6081480329653242,3
9817c3ef1,3,0.4881563261286477,3
2b6fe231b,3,0.47416161302026644,3
6be0a8fcd,3,0.9352096615352719,4
da3702af2,2,0.19571865443425077,2
c994bc1b2,2,0.108433110454569,1
ef5b463d4,4,0.4705333540662416,2
f53c216e2,2,0.6424609962162443,3
9278f7216,2,0.6203286165966931,3
206dbf18e,1,0.07121754004042917,1
2cf4994e7,4,0.5515471932825377,3
c7b468b32,4,0.7223345254755612,4
0bd394ec8,4,0.23640698699010007,2
7db48c47a,4,0.6976623645881926,3
75a803430,4,0.3672316384180791,2
76de48e98,1,0.3681646192919712,2
d5b9e0322,1,0.7644223293422484,4
6f07e7abf,1,0.3711190587259628,2
1dd6be0bc,3,0.8212823303788938,4
8daa38a67,2,0.30078266728865394,2
a362ad62e,2,0.23340071528533665,2
1c6e35149,2,0.6488363655211735,3
5382ef1e5,3,0.8570465972114238,4
17d90c2d9,4,0.5480744311408283,3
3fc2f9495,2,0.3882755403514228,2
38733d0a1,1,0.9729953869279013,4
c64c9e2d4,4,0.6521017985797958,3
acc81bdf5,2,0.5417508941066708,3
d37c4c951,2,0.45627947960400145,2
c51c9e136,3,0.030529207484579896,1
991519fdb,3,0.5848235111180221,3
9c803d826,1,0.09796299175866895,1
edef78673,2,0.38729072720675894,2
c9364a529,4,0.10433836106359821,1
89c28aad0,3,0.6425646607577878,3
e13c47053,2,0.3640698699010003,2
1c74d62ed,4,0.6381070854714146,3
70b3d1f9c,2,0.2792204426475924,2
99558286a,3,0.8785569895817136,4
35225eb67,4,0.4327476286736122,2
047c20d1a,3,0.7189135956046234,3
4e8daf8fd,2,0.16881770590369563,1
eac15ca35,3,0.8600528689161872,4
3595648ea,1,0.8327372622194579,4
92ee6241d,3,0.36505468304566424,2
266aee5b3,2,0.9276421500025916,4
d3a6a081b,3,0.8944176644378791,4
b03983a09,2,0.5007515679261908,3
cbf6b6e42,1,0.4491266262374955,3
186779691,2,0.8954024775825428,4
acca0b2ed,1,0.5022547037785725,3
319e533b6,4,0.5956046234385529,3
0a5be413e,3,0.29077903902969987,2
34fd2f89a,3,0.44923029077903903,3
a21f183ed,2,0.594153319856943,3
80599c4f4,3,0.15627429637692428,1
ce0fbe463,3,0.22650702327268957,2
6c14f7807,3,0.5378116415280153,3
f2f8980cd,4,0.6853262841445084,3
a345b4406,2,0.2662623749546468,2
0b807a7dd,3,0.2635152646037423,2
f1da458ce,3,0.1935416990618359,2
99c7658be,1,0.920385632094542,4
269d8414a,3,0.27113460840719433,2
6984b9727,3,0.7482506608614523,4
57aa560b5,4,0.6630902399834137,3
748207a86,3,0.21728087907531232,2
f5f1ea56c,1,0.22531488104493858,2
67a68df4a,4,0.19437101539418444,2
ab8386c6d,4,0.2228787643186648,2
19caeb6b5,3,0.7302130306328719,4
db1f9bca1,4,0.6240087078214896,3
81eb7857d,4,0.4607370548903747,3
b690774cb,3,0.9216296065930649,4
f0d5ff33a,3,0.4252837816824755,2
62c16fa1a,1,0.2522676618462655,2
5328a3ad8,2,0.6465039133364433,3
9d8e58a2e,3,0.6789509148395791,3
495528ba4,2,0.552428341885658,3
abe27623b,3,0.8845695329912403,4
e6ae12115,1,0.7800238428445551,4
9684a1603,4,0.8181205618618151,4
96cbe1e48,3,0.5192038563209455,3
1c7a27088,3,0.22733633960503807,2
444d1c6d6,3,0.3818483387757217,2
18da94e9d,3,0.5057274659202821,3
43b5d3f4d,2,0.10024361167262737,1
ca121ab91,3,0.9394080754677862,4
57b35b749,2,0.0776447416161302,1
c5d0fdfac,3,0.3640698699010004,2
c81372ddd,4,0.36458819260871816,2
efbd4c1e6,3,0.9534546208469393,4
7af09e92f,4,0.3213082465142798,2
f45beac10,4,0.8264655574560722,4
b0d54f76e,1,0.31493287720935054,2
c9a4f831b,1,0.2990203700824133,2
78c894840,4,0.26315243870833976,2
86d42fe3f,2,0.578396309542321,3
e3e339d6f,2,0.5760120250868191,3
2204729ca,1,0.2305499403928886,2
48b418070,3,0.6695174415591146,3
b79df3351,1,0.2847146633494014,2
020fbbc9d,4,0.13771834344062614,1
30eb0f9e6,3,0.4292748665319028,2
339a623c4,4,0.21531125278598454,2
8240f1522,3,0.08609340175193075,1
5eacd0a22,2,0.5507178769501891,3
9fe3f6afa,3,0.7736484735396257,4
de01d00eb,1,0.711864406779661,3
d3c880313,2,0.3645881926087182,2
18ef93321,3,0.10604882599906702,1
5ab429fcb,2,0.4863421966516353,3
2d70f6a57,3,0.06717462292023013,1
941eb9304,3,0.4206707095837869,2
1a9733afb,2,0.04799668273467061,1
6ba094bf4,3,0.32265588555434616,2
a8b358af2,1,0.4274607370548904,2
3c79a5547,2,0.08692271808427927,1
e315452b5,4,0.6781215985072305,3
5ebc60bb5,2,0.5450163271652931,3
083787e4a,2,0.6176851707873322,3
ee57c8d53,3,0.6176851707873322,3
c120a6f75,4,0.3984864976934639,2
3181e5424,4,0.6079925361530089,3
e42a8863f,1,0.5696884880526616,3
5edf4d9bb,3,0.1373036852744519,1
1a2c23d4c,1,0.20525579225625876,2
c4a2fd15a,3,0.39998963354584566,2
ff22356ef,3,0.5450681594360648,3
f0bb05fc7,4,0.2035453273207899,2
3b4f31dc0,2,0.5467786243715337,3
cba2fb07e,4,0.7693463950655678,4
ea087d248,4,0.3183538070802882,2
1633b105b,2,0.8358990307365367,4
9e399c659,1,0.2892759031773182,2
ca21c4266,1,0.13232778728036076,1
ec496eb44,2,0.6779142694241435,3
4e3e1ac61,4,0.6839268128336702,3
459729cda,3,0.17622972062406053,1
df12e4d3b,1,0.07391281812056186,1
a5c5278b8,2,0.5989218887679469,3
9024c21fc,4,0.7440004146581661,4
fa3b3b348,4,0.7322344891929715,4
9bfb6a77f,2,0.355102887057482,2
310b5199f,4,0.6115689628362619,3
9c714104f,3,0.7925672523713264,4
ebff4722c,2,0.07982169698854506,1
238c76ea1,3,0.5349608666355673,3
e0e2880ae,3,0.6300730835017881,3
f77a10b5f,2,0.6220390815321619,3
edb8ace3a,1,0.03078836883843881,1
7fa3ab674,1,0.9130772819157208,4
4f1a882b3,2,0.3636033794640543,2
e013ab581,4,0.30860934017519304,2
7fea70079,2,0.7714196858964391,4
0e6c32c9f,1,0.2208573057585653,2
1ef7f27ab,3,0.08593790493961541,1
cbc7dc778,1,0.8050069973565542,4
a9f2b6e32,3,0.6290882703571244,3
e9e263ee2,4,0.5378116415280153,3
9a38d4275,1,0.06152490540610584,1
942b2ba7d,4,0.6675996475405587,3
f8530e295,2,0.6064894003006271,3
3712c63fd,2,0.48846731975327834,3
1b08020b7,4,0.33623594049655314,2
da2cdb505,2,0.7860363862540818,4
47a5a9516,4,0.708547141450267,4
148f526cb,3,0.26335976779142695,2
46e25aa2b,1,0.2615974705851863,2
7baa8082a,3,0.07842222567770694,1
53f3e56a3,2,0.6456745970040948,3
c69bdf768,1,0.6014098377649925,3
d8697f0fd,3,0.5376561447157,3
4c04c9cba,2,0.9679158243922666,4
ab519bf92,4,0.5848235111180221,3
bf12ff750,3,0.18353807080288187,2
76c194060,2,0.46244751982584353,2
30e66b835,4,0.46944487638003424,3
170fa3d49,3,0.12227232675063493,1
8b6f2ff52,3,0.5201368371948375,3
0f6c2d090,3,0.39345876742860103,2
0d20efa95,3,0.9677084953091795,4
2d8ec2cff,2,0.6257710050277302,3
2a73c2356,4,0.649665681853522,3
7e2ce5b3e,2,0.9100191779401855,4
40c204453,1,0.5027730264862904,3
d2f04a19a,4,0.34572124604778937,2
fc19f9c36,3,0.4964494894521329,3
6ef7f0012,2,0.6093401751930753,3
f90722a00,4,0.2765769968382315,2
82d9cd76e,3,0.02627896128129374,1
267162afd,1,0.5635722801015912,3
79e5de9a7,1,0.9964754055875188,4
9ca6debf5,2,0.3636033794640543,2
fe4bb01a6,3,0.39226662520085004,2
8bdffc917,1,0.4093712745555383,2
c712cfd20,1,0.4042917120199036,2
7c787403c,2,0.07567511532680248,1
833c51fd2,4,0.5155755973669206,3
a5b4b663d,4,0.41009692634634326,2
eea7548f0,1,0.04400559788524335,1
e2204552c,4,0.07857772249002228,1
c38afccab,2,0.4760275747680505,3
03f130f5f,2,0.34421811019540766,2
05935bf08,4,0.2205463121339346,2
1aaa74b35,2,0.4924584046027056,3
63f2be2e0,2,0.3760431244492821,2
9223ae4c4,2,0.900378375576634,4
269a6756f,2,0.4754055875187892,3
1b6c5e07e,4,0.3775980925724356,2
3fccff52b,2,0.7562328305603069,4
352522dbd,2,0.8863318301974811,4
0a266921d,1,0.2710309438656508,2
226e8fe7c,4,0.9545430985331467,4
f29afd123,2,0.7510496034831285,4
b477ad589,3,0.7979059762608199,4
de2d4f372,1,0.4114963976571813,2
6d8793638,1,0.3370134245581298,2
0935ab38b,4,0.3705489037474732,2
c8b79357a,2,0.40092261441973776,2
0ce98d199,3,0.5763230187114498,3
2083834e2,4,0.35365158347587206,2
9c583aec6,1,0.32535116363447886,2
105456da4,4,0.3874462240190743,2
784e466b1,1,0.4014409371274556,2
1b945f406,4,0.1851967034675789,2
621b83ac7,3,0.775255273933551,4
e4424b719,3,0.9270201627533302,4
f500d6361,1,0.35225211216503394,2
32918fcdf,4,0.9037474731767999,4
01e5e057b,3,0.6514279790597626,3
b8088575c,4,0.6283626185663195,3
147bd18e0,3,0.6636603949619033,3
784ec5ba3,2,0.6750634945316953,3
467614705,2,0.8850360234281864,4
c272d9284,3,0.2969989115223138,2
861d65847,1,0.2915565230912766,2
8cf93cab0,4,0.18732182656922203,2
06df96299,2,0.3526149380604364,2
664d0bed8,3,0.4880008293163323,3
133cc5f19,3,0.7693463950655679,4
e16fc7feb,4,0.2069144249209558,2
f160ae385,3,0.5776188254807443,3
70fb603fd,2,0.4887264811071373,3
ed97d1485,4,0.6075778779868346,3
09ca98f7b,3,0.18815114290157053,2
8bb1c8a6f,2,0.8894935987145597,4
80ae0a34f,2,0.9115741460633391,4
5b4745340,4,0.8047478360026953,4
628439a3a,2,0.9143212564142434,4
46dea66ea,1,0.7171512983983829,4
4103336dd,2,0.44860830352977765,3
6ec9364a7,1,0.13289794225885035,1
f9b0d3370,2,0.41870108329445915,2
183eb3fe5,3,0.1552894832322604,1
ace3a3299,3,0.6412688539884933,3
5dd3f3eb0,1,0.5616026538122635,3
ace8a42bd,3,0.27574768050588294,2
daabe5f9d,3,0.7415642979318924,4
99ba1c605,4,0.3587829782822786,2
59e6d1d66,1,0.05323174208262064,1
c66def50c,1,0.4830249313222412,3
c5422c04b,3,0.6862592650184004,3
91d6a2898,1,0.23086093401751928,2
d20ea312e,3,0.2557404239879749,2
f391fc44e,2,0.019488933810190224,1
c0bc43dd6,4,0.7281397398020006,4
e6dff6d40,4,0.19395635722801016,2
167233db2,3,0.3661949930026434,2
a94208b35,4,0.4976416316798839,3
6e3631a29,1,0.2961177629191935,2
8a811328d,4,0.5737314051728607,3
cf68421ff,4,0.1870108329445913,2
304f1260c,1,0.28300419841393254,2
ab87287a4,4,0.4445653864095786,3
c12883eaa,3,0.47364329031254865,3
d8727d356,3,0.7891981547711605,4
dcb42ee1e,2,0.39273311563779606,2
8361219e7,2,0.7212978800601254,3
b99d5d532,4,0.5792774581454414,3
5fe2e44a2,4,0.9832063442699425,4
5962cfdd9,2,0.7296947079251542,4
bed5b657b,3,0.34862385321100914,2
6257ac9e4,3,0.41434717254962944,2
1bbb46822,3,0.3911781475146426,2
0c5fe8151,4,0.2234489192971544,2
18f45d2ad,3,0.12429378531073447,1
5b7fd5349,3,0.4863421966516353,3
685b2cbe4,3,0.31171927642150005,2
325a6a746,4,0.7124863940289226,4
2f595e715,2,0.11916239050432799,1
6e643eba1,4,0.464728139739802,2
6bf6880bd,3,0.7084434769087234,4
ccccfeabe,2,0.6528792826413725,3
d6ad64584,1,0.2089877157518271,2
73a25206b,1,0.7184471051676774,4
3433731c5,1,0.1526460374228995,1
283d0763f,1,0.7454517182397761,4
642a88a93,3,0.6149898927071996,3
fe38b7b23,1,0.14627066811797027,1
50ef65df7,2,0.5101332089358835,3
6c7251bc8,2,0.15663712227232676,1
abe8790ba,2,0.0776447416161302,1
bea39d7ec,3,0.04913699269164982,1
fc537bc7f,1,0.269061317576323,2
64a3f89ee,1,0.17410459752241747,1
ed8e10562,3,0.6767221271963925,3
9a96189d5,3,0.25910952158814077,2
89c2d660c,1,0.6316798838957135,3
d3c79cf76,3,0.7209868864354947,3
ab09748d1,2,0.6294510962525267,3
cdd50f583,3,0.4577826154563831,2
7133307db,2,0.7543668688125226,4
681be6214,1,0.4109262426786917,2
c1278fe60,2,0.6443787902348003,3
8421c66e6,3,0.5363603379464054,3
78f87a45d,4,0.43590939719069094,3
db4a0242a,3,0.771678847250298,4
3ce643dc5,2,0.5101332089358834,3
9da5c9d23,2,0.010832944591302546,1
0b3f851f0,3,0.19095008552324677,2
22cf2902d,3,0.4610998807857773,2
22e9d72ce,3,0.015394184419219406,1
8fc9d6c1a,2,0.8683978645104441,4
191043d9c,4,0.47442077437412533,3
b95928aef,3,0.3796713834033069,2
f729f19c5,4,0.5356865184263723,3
2483a71c4,3,0.845798994453947,4
37438ea50,3,0.36386254081791325,2
fe9e5aa06,1,0.9762608199865236,4
3c3b9b731,4,0.63012491577256,3
585a705fc,1,0.45000777484061577,3
b4d341b10,2,0.6798838957134712,3
180f1ef16,3,0.8721816202767844,4
85fd5df90,4,0.5487482506608615,3
42103b22e,4,0.4092676100139947,2
7b49d0924,4,0.11486031203027004,1
cef75bfab,3,0.1404654537915306,1
c04cf0018,2,0.7291245529466646,3
36cc00cf3,3,0.9199709739283678,4
ccd14639f,3,0.4751464261649303,3
4b949e5c7,3,0.5433058622298242,3
5fd83540b,3,0.10257606385735758,1
c68815d52,3,0.8898564246099622,4
25bdd7d90,3,0.8577722490022288,4
46f6472bb,2,0.7591354377235268,4
a2e82a58a,3,0.7407868138703156,4
944db63df,3,0.5052091432125642,3
deb0ad8cd,4,0.6469185715026174,3
6381b1706,4,0.5349090343647955,3
100aed9a3,3,0.1357487171512984,1
56b63bfb3,3,0.822215311252786,4
cf2ae9919,1,0.555279116778106,3
b906d9b78,2,0.23723630332244858,2
df8425410,2,0.25003887420307885,2
0fa6ba30b,1,0.7559736692064479,4
4cdb41608,2,0.36925309697817865,2
f24991ef7,4,0.2812937334784637,2
54ec12bf6,3,0.28761727051262115,2
a73b9eafd,4,0.9855387964546726,4
e65daf4dd,4,0.5358938475094595,3
f5fc7d4a5,4,0.7209350541647229,3
b1307cb03,2,0.45565749235474007,2
bfdde77ff,2,0.46783807598610894,2
0d7247d3e,1,0.6349971492251075,3
31dbaafaa,3,0.40532835743533924,2
a99968c35,1,0.7872285284818328,4
029469d58,2,0.9014668532628415,4
cae5c7ef1,2,0.12403462395687555,1
12e747332,3,0.6566112061369408,3
965adb809,2,0.5989737210387188,3
22a7a8a13,1,0.5421137200020733,3
fa0295935,1,0.6748043331778365,3
02387e247,4,0.4457056963665578,3
7b8d76961,4,0.18809931063079874,2
ebd128d90,4,0.19141657596019282,2
da7bed1f8,3,0.3312082102316902,2
2630db5dc,1,0.5813507489763127,3
70ffcfbcb,4,0.46711242419530397,3
a8249d599,2,0.7561809982895351,4
3c273e42f,1,0.2606126574405225,2
baefc2985,3,0.14196858964391232,1
b58cef42d,2,0.4505260975483336,3
4ef15a1c6,2,0.792411755559011,4
3b4b4cb9c,3,0.25553309490488774,2
102ed9019,2,0.7116570776965739,3
926070c80,4,0.25470377857253923,2
dba9050f5,4,0.8539366609651169,4
ed5c2d9dd,2,0.23635515471932825,2
5b07e0e6a,2,0.0010366454154356502,1
7509ed502,4,0.6259783341108175,3
a686164c9,3,0.16285699476494064,1
734459ad1,3,0.4102524231586586,2
878214747,1,0.2908308713004717,2
4ec3a7275,2,0.17711086922718086,1
38436063c,2,0.45814544135178564,3
06db81e31,2,0.5861193178873166,3
a9575b655,3,0.33188202975172343,2
fafa7ddb0,4,0.3113046182553258,2
0858e3a6e,3,0.09760016586326647,1
37e2f042b,1,0.785518063546364,4
faa62a75b,4,0.7375213808116934,4
e73146163,2,0.2398279168610377,2
ed5b8276f,1,0.44244026330793557,2
5f5bd40ca,1,0.06738195200331727,1
0a20eaed8,2,0.690198517597056,4
53bb1d133,3,0.6240605400922614,3
e4f117930,2,0.7450370600736019,4
89f229ee8,2,0.8922407090654642,4
e6335223e,3,0.41807909604519783,2
9f0635623,3,0.7351370963561914,4
92a173c59,3,0.5490592442854921,3
4ce0b81f5,1,0.3135334058985124,2
c7a324d3d,3,0.17830301145493185,2
7cc9b21fd,3,0.6623645881926087,3
db61b1f31,1,0.3639662053594568,2
7abe9a0a1,3,0.6624164204633806,3
4cb8fe436,1,0.7123827294873788,3
2618aa6a2,2,0.2902607163219821,2
76aa06fb0,1,0.904887783133779,4
d15a5363e,3,0.2518011714093194,2
2cd806c03,3,0.5060902918156844,3
e2101b7d1,3,0.36681698025190485,2
dd579722a,4,0.4011299435028248,2
fddd6ef11,1,0.08785569895817136,1
804d08f42,4,0.4398486497693464,2
26a1a063b,2,0.24998704193230706,2
9351d5173,1,0.3694085937904939,2
b82ec4b47,3,0.7999792670916914,4
8368a0a44,3,0.18312341263670762,2
965054b9e,2,0.4567459700409475,2
c66946e39,2,0.2631524387083398,2
e9e06e3f6,2,0.312911418649251,2
c8519aacb,1,0.4287047115534131,3
8b1b5fcfc,2,0.23179391489141135,2
c2eec623c,4,0.7893536515834758,4
ca3312b77,4,0.41299953350956303,2
7a785a607,4,0.9526771367853626,4
eb22ed27d,3,0.15430467008759655,1
79f8b048f,2,0.3178873166433421,2
39e9ecb70,1,0.4417146115171306,3
0822db812,4,0.6927382988648733,3
74d7a26bc,3,0.7302648629036438,4
5009ff19c,1,0.33084538433628774,2
f53e55959,3,0.6386254081791324,3
a9be5c4ab,1,0.574612553775981,3
718a5d950,1,0.7656663038407713,4
6da06ed36,4,0.3916446379515887,2
d21ed8b84,3,0.6450007774840616,3
83d94a6e6,2,0.42543927849479085,2
05312ba72,4,0.5778779868346032,3
e3dbfe4c0,3,0.3468097237339968,2
1eeb4ea81,2,0.6801948893381019,3
3cc84c2f8,1,0.1816721090550977,2
148686ce8,4,0.44803814855128804,3
31b3d9b10,4,0.3956875550717877,2
6c7db281b,4,0.643445809360908,3
e723eee29,3,0.17892499870419323,1
d7f938acd,1,0.8738402529414815,4
c54b26d73,3,0.7401129943502825,4
e77f9e778,3,0.6891100399108484,4
b6661be84,1,0.5647125900585706,3
77c076881,2,0.5908878867983206,3
9e2039291,1,0.25086819053542736,2
67994352b,3,0.1446120354532732,1
e6c917eb2,4,0.08697455035505107,1
53895ad35,1,0.6781215985072307,3
0f122f712,1,0.6030684704296895,3
45ea16ef8,3,0.2480174156429793,2
6917782f7,3,0.8069247913751102,4
f44a6cdaf,1,0.3802415383817965,2
cc60d07c7,2,0.8326854299486861,4
517a669f2,2,0.003420929870937646,1
67ef0c9a6,4,0.1336754263204271,1
99a994cb1,3,0.5520655159902556,3
c996b2baf,1,0.5207069921733272,3
a42c62fc0,2,0.8612450111439381,4
e10252ca3,4,0.6227647333229669,3
bf6ef8c07,3,0.5527911677810605,3
d1fa13f8d,2,0.8866428238221117,4
729f4d5fa,1,0.14145026693619447,1
38e87cee8,4,0.5782408127300057,3
e6292a7b6,3,0.2406054009226144,2
57dcbe4c9,4,0.8106567148706785,4
afc933f32,2,0.44617218680350385,3
21a7f4896,4,0.4967604830767636,3
ab10e0e8c,2,0.10718913595604623,1
8e1111452,2,0.07095837868657025,1
7d7e57f81,3,0.5452236562483802,3
9a5da8156,3,0.3480536982325195,2
db957842b,1,0.6059710775929094,3
49a867af7,1,0.8175504068833256,4
22e1f3438,2,0.40895661638936404,2
0594ed847,3,0.5133986419945057,3
9c68827b5,4,0.8342922303426114,4
33a9dff78,2,0.8023117192764215,4
a40a230be,2,0.5420618877313016,3
3f834da3b,1,0.5236614316073188,3
158b502d3,3,0.6477997201057378,3
98565468b,2,0.8942621676255637,4
e0f3c756a,4,0.334836469185715,2
5a289a426,2,0.5147462810345721,3
235572f38,1,0.46949670865080595,3
11b3fd45f,2,0.7086508059918105,4
cbaabed93,2,0.4887264811071373,3
34221a4f8,1,0.32892759031773183,2
eb81b0503,3,0.7572176437049708,4
fbed8fc1a,2,0.314103560877002,2
d538c491f,4,0.8103975535168196,4
508f87cfc,3,0.12082102316902503,1
e4460cb03,1,0.8753952210646349,4
ee93b2d47,3,0.7240968226818016,3
f3b52a69c,2,0.7252889649095526,4
f7675eb96,1,0.34188565801067744,2
5f235ec16,1,0.24184937542113719,2
cbd6b3064,1,0.025294148136629863,1
c5072890c,4,0.6702430933499196,3
97db95d21,4,0.32167107240968223,2
8cba08869,3,0.8261545638314414,4
699ee7fa6,3,0.7473176799875603,4
059baa037,4,0.5603586793137407,3
786486296,4,0.791478774685119,4
68b8dab3b,1,0.707354999222516,3
6b5f208fc,1,0.44866013580054936,3
8b8229f52,1,0.49489452132897943,3
19db3e21f,4,0.2670398590162235,2
e47aeed72,1,0.39392525786554705,2
af514b027,1,0.2636189291452859,2
d83dd7fc2,3,0.5775669932099725,3
ea7fc7f4f,4,0.6043642771989841,3
685010499,3,0.30783185611361635,2
bc7eb8b16,2,0.30819468200901884,2
d26ebd584,3,0.8310786295547609,4
9f194db92,3,0.3299124034623957,2
2a556d826,3,0.5992847146633494,3
88cc9be30,2,0.3220338983050847,2
cdcd32165,2,0.09423106826310061,1
00f63c6fc,4,0.5448608303529777,3
ab503c64a,4,0.01300989996371741,1
f454ac205,3,0.8513968796972996,4
c874c7c7c,1,0.4757684134141917,3
611970ebc,3,0.17467475250090705,1
3313aa06f,2,0.48520188669465614,3
d680ddf5d,1,0.4256984398486498,2
64f06dc3b,1,0.29114186492510236,2
8a15669da,4,0.5842015238687607,3
db8a8df8a,4,0.9445394702741927,4
3ea49aa4f,4,0.09267610013994713,1
cea2544a7,3,0.47042968952469805,3
ddae7aede,2,0.7410978074949464,4
ae52ea5c4,2,0.6668739957497537,3
a1c1dbf8a,1,0.7580469600373192,4
5971694db,1,0.26102731560669673,2
dbabe4e51,4,0.813403825221583,4
355743336,1,0.6762038044886748,3
355756bdc,4,0.37692427305240245,2
184ea777b,3,0.7997201057378324,4
36bb93372,4,0.4932358886642823,3
596d784b2,2,0.621313429741357,3
f17d4ab32,4,0.031514020629243765,1
d4f31b018,3,0.6515316436013062,3
a68e8378d,3,0.29585860156533456,2
163133ac9,1,0.13916964702223603,1
11a993099,1,0.6090810138392162,3
52e555a3a,1,0.20074638469911366,2
b49c33f08,1,0.22500388742030789,2
770eca5eb,4,0.08681905354273571,1
9c4af0f83,3,0.5788627999792672,3
daad5c208,2,0.04556056600839683,1
ab41920c4,4,0.27901311356450526,2
b82317efb,1,0.17094282900533875,1
b1818e562,3,0.3094386565075416,2
902624c4b,2,0.8905820764007671,4
2a06a5244,3,0.5292074845798994,3
e472219f1,3,0.6801430570673301,3
74517d04f,3,0.4031514020629243,2
7b8924342,1,0.5876742860104701,3
603dbe569,1,0.5267195355828539,3
f888d5f54,2,0.6533976053490903,3
90204109f,1,0.5486964183900896,3
f60ee7233,4,0.24153838179650652,2
48432dfa0,4,0.22101280257088063,2
3eb8ef7b3,4,0.7155444980044575,4
21a56b530,1,0.25154201005546056,2
c2ec1becc,4,0.5498885606178406,3
a768123bd,4,0.3561395324729177,2
f222ca167,3,0.6754263204270979,3
577d15fea,3,0.9654797076659928,4
1f72d4b56,1,0.18504120665526358,2
f95db0cb5,2,0.6935676151972218,4
426bb5e4c,2,0.6167003576426683,3
e3749ff79,2,0.05229876120872856,1
6561001c8,3,0.1896024464831804,2
6cdc6cab4,3,0.005494220701808946,1
5a3113fdd,1,0.058829627325973154,1
64f5e2165,3,0.6679624734359613,3
b310f969f,4,0.4829212667806977,3
502d58dea,1,0.5225211216503395,3
d0bf2b3bf,1,0.15399367646296583,1
013527aeb,1,0.014098377649924844,1
a009a2f0f,1,0.28761727051262115,2
00af25fc0,2,0.6197584616182035,3
b5b6b9398,4,0.22251593842326234,2
bb5f471dd,2,0.8846731975327838,4
c1f16a59a,1,0.6965738869019852,3
6f1e6e8ed,3,0.20727725081635828,2
9ce27322b,1,0.6571813611154305,3
c58018973,3,0.5642979318923961,3
189bb90dc,1,0.434924584046027,2
dd5797b7f,1,0.49225107551961855,3
78b51f6a0,4,0.11190587259627845,1
ca74b17a9,1,0.9231845747162183,4
476b3dbe5,1,0.11076556263929922,1
1b6d1b049,1,0.5030321878401492,3
01ba86830,1,0.4098377649924843,2
6f14bc8cd,1,0.18846213652620122,2
e3427692e,1,0.27600684185974184,2
9160fdb5f,4,0.31203027004613076,2
a85457e16,2,0.7481469963199089,4
2d441a71b,4,0.07007723008344996,1
0ff50cbd5,3,0.5236614316073188,3
a9772bfa3,2,0.37625045353236924,2
7867f152c,1,0.11423832478100865,1
23941ded4,3,0.4643134815736277,3
69df3f618,1,0.2914528585497331,2
efa71e34a,3,0.3594567978023117,2
a6c9fd936,2,0.23744363240553568,2
e418eb448,1,0.015601513502306536,1
3335796f3,3,0.8309749650132172,4
f06da7096,2,0.696366557818898,4
62dc0532f,2,0.6183071580365936,3
239844635,4,0.21235681335199297,2
ab94dbe57,3,0.44622401907427567,3
e811cd880,4,0.6369149432436635,3
4d2dec2f3,1,0.2155185818690717,2
92935062a,3,0.3833514746281035,2
cdb4a7a7d,1,0.8078059399782305,4
25ef79825,1,0.11387549888560618,1
8d5678b98,3,0.6446897838594309,3
7a5091ca2,2,0.6779142694241435,3
b67778d17,2,0.7239413258694863,4
889ae00e3,4,0.9933136370704401,4
865e968b4,3,0.5317472658477168,3
ac813296c,3,0.6840823096459857,3
a978a37e7,1,0.08806302804125848,1
90ce48a71,2,0.29357798165137616,2
9a1a1d801,2,0.7159591561706319,4
5ee1c77a0,4,0.8743067433784274,4
8dfc9cc69,3,0.28233037889389934,2
404eb3b06,1,0.2994868605193594,2
88c0e21d1,2,0.931840563935106,4
c82e4964c,3,0.6994764940652051,3
2a5e70892,4,0.5107033639143731,3
f6c14900d,3,0.5172860623023895,3
6774f84e3,1,0.4162649665681853,2
3d985e1bf,1,0.16524127922044266,1
e2f39a17e,2,0.78743585756492,4
fadae6510,3,0.7401648266210543,4
204ca9f14,2,0.47462810345721246,3
607744326,4,0.5978852433525113,3
e633386b0,4,0.8412895868968019,4
1fecd2bab,2,0.9092416938786089,4
0b4a33baa,3,0.7974394858238739,4
086e528f0,4,0.4974343025967967,3
015c353ce,3,0.591302544964495,3
c2deaf1e4,2,0.4051210283522521,2
10e27da02,1,0.4575234541025242,3
9945b5ac5,2,0.04105115845125175,1
271bb0de8,2,0.7595500958897009,4
8685a0b1c,1,0.17939148914113925,2
73c4d95a2,2,0.8766391955631576,4
7d1d0d496,3,0.16493028559581194,1
eb8aeff64,3,0.31659150987404755,2
f819c7b65,4,0.8375058311304618,4
b08012e7f,2,0.8462136526201213,4
44fff524f,4,0.7168921370445239,3
5407c6e1a,3,0.29031254859275385,2
e90137a54,4,0.49183641735344424,3
91a4c6b77,4,0.36173741771627016,2
e86af84c5,3,0.5788109677084953,3
77d395a82,3,0.7498574612553776,4
072ae6d9e,1,0.8187425491110766,4
db77fdb46,4,0.5766340123360805,3
5884b684d,1,0.1067226455191002,1
761523328,1,0.3279427771730679,2
8a7fcc8cd,3,0.5335613953247292,3
215b68785,3,0.48183278909449023,3
ecad98f44,2,0.6247343596122946,3
6ea6cde88,3,0.193282537707977,2
035ff37c6,1,0.06157673767687762,1
e935ae1d8,1,0.5583372207536412,3
f6e56c908,4,0.3994713108381278,2
0499e1ea8,2,0.9134919400818949,4
03ea48efa,3,0.5786036386254082,3
8aaff4d83,2,0.7474731767998756,4
c026becc2,3,0.8914632250038874,4
082838f84,3,0.9025034986782771,4
b460a9761,1,0.29513294977452964,2
4dff83c9f,3,0.3616337531747266,2
628f11673,1,0.18172394132586947,2
1b5e18242,2,0.02379101228424817,1
0c5dbd29f,1,0.10656714870678485,1
1398adca0,1,0.4615663712227233,3
5ff1a0cae,2,0.2937334784636915,2
279a5187c,1,0.1603690457678951,2
5bd62c76f,1,0.0918467838075986,1
bb74a9d58,3,0.8526926864665941,4
243f7f43e,4,0.2930596589436583,2
2962fc103,1,0.06800393925257865,1
f84b22dae,3,0.9285751308764838,4
4f279d30c,2,0.5303477945368786,3
58a4768a6,3,0.12439744985227802,1
22145fe75,1,0.44866013580054936,3
1171c9a41,4,0.5246462447519825,3
86e1089a3,2,0.5803141035608771,3
4f8a564a2,3,0.529311149121443,3
bf8aa8f96,4,0.847716788472503,4
7a7835503,4,0.43917483024931325,2
9f2948e8e,2,0.1959778157881097,2
d4e6a9aab,1,0.2821230498108122,2
894da0f10,3,0.05732649147359146,1
cf7d3eec0,2,0.06328720261234645,1
53ef098c0,1,0.2996941896024465,2
244cca93e,3,0.03690457678950915,1
9b1b9876d,3,0.37739076348934847,2
2f4c6ada3,3,0.12393095941533198,1
4a9793dfb,1,0.40859379049396155,2
dde0775b8,3,0.9732545482817603,4
ba2d4e877,2,0.19634064168351217,2
0f366f264,2,0.3664023220857306,2
f5170bc70,3,0.8271393769761053,4
3bb5061e6,2,0.24895039651687143,2
cf574d89c,3,0.2978800601254341,2
319f3e6e7,4,0.9818068729591044,4
078a26f06,4,0.516197584616182,3
db0875ffd,1,0.46182553257658215,3
e3897d3cb,4,0.7295910433836106,4
6a5c652b5,4,0.8432592131861297,4
76024f2ed,2,0.8372985020473745,4
f1d86e6ea,4,0.5730575856528275,3
3be9dc4cd,4,0.40698699010003625,2
b16c55a91,2,0.980718395272897,4
ffaa73202,3,0.5762193541699062,3
252b8d395,4,0.7513605971077593,4
406f92f52,3,0.2276991655004406,2
0f796d3f9,1,0.15891774218628518,1
4b378329b,3,0.3186129684341471,2
189637f90,1,0.6118281241901208,3
34dc86aae,1,0.14886228165655938,1
2bf2c6260,3,0.37987871248639404,2
1dc90fbb8,1,0.6275333022339709,3
afe326f34,3,0.20261234644689785,2
5c94ecc07,1,0.32415902140672787,2
cea713af9,3,0.2456849634582491,2
6cf098e3a,1,0.3363396050380967,2
56e91b142,4,0.5907323899860053,3
c8b38c65e,4,0.8025708806302804,4
ae0076e01,1,0.40895661638936404,2
ac1b33d79,1,0.1292178510340538,1
3d8760efc,1,0.19696262893277358,2
db05d2fb1,1,0.5394702741927123,3
4068b452d,4,0.20256051417612606,2
e4eccb132,1,0.4070906546415798,2
569e2b299,4,0.13631887212978802,1
34cedf9bb,1,0.08904784118592235,1
f5b2c6fc0,2,0.6514279790597626,3
45271caa8,2,0.1277147151816721,1
14357e2ed,3,0.16518944694967086,1
4c0de1708,2,0.6593583164878453,3
aa0f2c425,2,0.5949826361892914,3
d246be504,3,0.4527548851915202,3
a58d8080b,3,0.2859068055771523,2
cb5e73024,4,0.7633856839268128,4
d3ebee32b,1,0.49105893329186756,3
90b927fdd,3,0.6688436220390815,3
5dbb2fd0b,3,0.9303892603534961,4
4d6350e54,1,0.1694915254237288,2
779d50e4f,2,0.22386357746332866,2
2959602fc,1,0.12911418649251025,1
2c5f2907a,2,0.7215570414139844,4
cce8fa6c2,2,0.0027989426216762556,1
d168549f2,2,0.3497641631679884,2
3ea3cf8d4,2,0.5826465557456072,3
9fb0aedb7,2,0.5703104753019229,3
ce0412bad,3,0.045456901466853265,1
32eb3673a,1,0.36868294199968904,2
a04923326,3,0.6936712797387653,4
85ff0f493,2,0.6866220909138029,3
8a1b27ab1,3,0.05167677395946716,1
c0604b559,1,0.1348157362774063,1
2b31f1be3,1,0.19167573731405174,2
fe854f6a1,1,0.23500751567926192,2
d31e4c6c8,4,0.6049862644482454,3
4cfbb4616,1,0.2784429585860156,2
c9cc0915c,3,0.1941118540403255,2
fb9390214,2,0.6402322085730576,3
610c05772,1,0.7866065412325715,4
f7b67fd7f,1,0.16752189913440108,1
e3a372f31,1,0.4322293059658944,2
86c1be8f0,2,0.2783911263152438,2
5c881b941,3,0.7589799409112112,4
380eaa884,2,0.36469185715026176,2
cc54b47b4,3,0.019851759705592702,1
749afb385,3,0.6786399212149483,3
a572b746b,2,0.556471259005857,3
6ef02d7e9,3,0.6300212512310165,3
874e791f9,4,0.03944435805732649,1
b178f36d1,4,0.09226144197377288,1
0111f92ff,1,0.8301974809516405,4
138c79a01,1,0.5382262996941897,3
7bf5ab7bd,3,0.18846213652620122,2
6f36088f5,3,0.846058155807806,4
3a8f89229,1,0.2776654745244389,2
1bbadc050,4,0.33001606800393923,2
572e98234,4,0.4218628518115379,2
f31cebfd0,2,0.9395117400093298,4
92db7f14c,1,0.21925050536464,2
fa0010ce5,4,0.7264811071373036,3
8b9739cef,2,0.7051262115793292,3
fc02869d9,4,0.34603223967242003,2
91d230036,1,0.2011610428652879,2
1e5aeb31d,2,0.4078163064323848,2
77c9c2e64,2,0.2592131861296843,2
fc43d7ddb,3,0.860571191623905,4
55b797c90,3,0.3211009174311927,2
ff14c3dbe,3,0.12273881718758099,1
fa2c37e6a,4,0.49603483128595866,3
196b39897,4,0.6001140309956979,3
dac60bd9c,2,0.590317731819831,3
3a93093cc,3,0.8141813092831597,4
07218c870,3,0.27699165500440576,2
eb21c0250,2,0.12149484268905823,1
6295b5bc0,4,0.10921059451614575,1
bcee746ce,2,0.4142953402788576,2
9d82e4438,2,0.3524076089773493,2
2625dcb50,2,0.8502047374695486,4
75fc7829e,1,0.20717358627481472,2
0936ce7b4,2,0.8072876172705126,4
b6684c4b7,3,0.8376613279427773,4
24ea0569a,1,0.47950033690975996,3
0636650db,1,0.17006168040221845,2
94f353c2f,4,0.5387964546726792,3
cd067a495,3,0.09894780490333281,1
6fef6e555,2,0.4167314570051313,2
0637293ec,1,0.21914684082309646,2
3b8b38508,3,0.22013165396776033,2
249112486,4,0.5049499818587052,3
cb8193d43,1,0.6043124449282123,3
1d72ec242,3,0.5850308402011092,3
0146f6d2c,1,0.16912869952832632,2
230232e58,2,0.19364536360337947,2
5aeba94a3,4,0.797180324470015,4
bfdd20655,2,0.5881407764474162,3
2563127ad,4,0.05141761260560825,1
958a86135,2,0.39459907738558025,2
8f1bdc253,2,0.31705800031099357,2
146d950bc,1,0.37407349815995444,2
4effbea00,3,0.5003887420307883,3
91697ee90,1,0.24573679572902088,2
1a67ffb8b,1,0.4961384958275022,3
20845a37b,4,0.02555330949048878,1
c33220375,2,0.5376043124449282,3
0977caea0,3,0.030943865650754156,1
cc9c0e1e7,1,0.768361581920904,4
4dbcd1d36,2,0.8821852485357383,4
e48598033,2,0.9304929248950397,4
392df6910,3,0.16855854454983674,1
4d7fd1ee8,3,0.5243870833981238,3
bb6276b35,3,0.7589799409112113,4
672ddf4a9,1,0.5599958534183384,3
11960b9ed,3,0.8040221842118903,4
a05674125,3,0.9186233348883016,4
22d381889,3,0.7105167677395947,3
907f77c78,3,0.8883014564868087,4
a2a899dab,3,0.0025916135385891255,1
fca85f778,3,0.4476234903851138,3
106e252d9,3,0.4524438915668895,2
d4bc5b7ca,3,0.45866376405950343,2
4baa2968b,2,0.3582646555745607,2
4dad8252f,1,0.1597470585186337,1
8a2998a32,3,0.6352044783081947,3
a6593fb48,3,0.6457264292748666,3
02c7d1b74,4,0.5026693619447468,3
74b9e9fc0,4,0.6686362929559945,3
6dbb13673,4,0.2134452910382004,2
2a1bd7d28,4,0.6366557818898045,3
dd36ab692,1,0.26475923910226506,2
36ccd9729,3,0.7979059762608199,4
7d4f585b5,1,0.471155341315503,3
694653d6a,2,0.011662260923651066,1
6da53f587,1,0.5535686518426373,3
e772235aa,2,0.192090395480226,2
c2490d2cf,2,0.9912921785103407,4
3c2a1ed3b,1,0.669932099725289,3
15adc8d48,3,0.5709842948219562,3
d04fbf327,1,0.15155755973669205,1
0e49c7f19,1,0.31695433576945004,2
918fab9e8,2,0.587000466490437,3
6a9d18d89,3,0.737625045353237,4
f85ae1408,4,0.03203234333696159,1
af9279a3f,1,0.304099932618048,2
69d8727b7,1,0.19146840823096464,2
6b6d2c65f,1,0.6763593013009901,3
6be53d844,1,0.1836935676151972,2
b672b7465,1,0.47452443891566887,3
ee8c56246,4,0.6643342144819364,3
9b515d697,1,0.5412844036697247,3
b67261194,4,0.8122116829938321,4
2c7a8ea18,2,0.2884984191157414,2
9304f9f8b,2,0.07811123205307625,1
f5a34370d,4,0.6955890737573213,4
4084b0a93,4,0.23350437982688024,2
90592e40c,2,0.3013009899963717,2
dfb59bbe9,4,0.8652360959933655,4
6dcb51c02,2,0.690665008034002,3
0b57ed86a,2,0.3595086300730835,2
99558ec92,2,0.8339812367179805,4
72bb30805,4,0.5180117140931945,3
48f8d1d90,2,0.2160369045767895,2
2edce7d92,1,0.21054268387498057,2
7986a1870,2,0.7469548540921579,4
37f8a39c4,4,0.5166122427823563,3
d6cfa5d4b,3,0.28315969522624784,2
3d7204289,2,0.603172134971233,3
7dcd7351d,2,0.938734255947753,4
a892f5fd3,4,0.557196910796662,3
bd763ab11,1,0.5820764007671176,3
3991dd72d,2,0.39392525786554705,2
ba5526238,3,0.2801015912507127,2
5f8d00436,3,0.23962058777795056,2
eb8adeef1,1,0.38749805628984607,2
9ab7e48e8,2,0.1541491732752812,1
4a8ac8bff,4,0.09817032084175609,1
451d64f26,2,0.2013165396776033,2
f8c6ed1a5,4,0.26299694189602446,2
3c778df64,4,0.6878660654123255,3
fa9df3011,1,0.4459648577204167,3
5145f87a0,3,0.19198673093868243,2
35296e056,3,0.5336650598662728,3
fe0e76ddf,1,0.28880941274037214,2
f91147e5f,4,0.5754937023791012,3
26bba34a6,4,0.6544860830352978,3
fc229a9d7,3,0.5457419789560981,3
e17f6ac56,3,0.42512828487016013,2
f72d7a939,1,0.1304099932618048,1
92d5ac408,2,0.6588918260508992,3
dbe30d86f,3,0.864147618307158,4
59cf08ff3,3,0.1668480796143679,1
605eca728,1,0.8297309905146945,4
9c7476c25,1,0.6721608873684756,3
01802debf,3,0.44834914217591876,3
25f6db0fd,2,0.6290364380863526,3
c30f7cde0,2,0.3425594775307106,2
cd4624a1a,1,0.34727621417094284,2
4082acebb,4,0.5791737936038978,3
e11190906,4,0.6445861193178873,3
e1e58cd50,2,0.5807287617270512,3
0a4fc94e5,2,0.714248691235163,3
7fbd06366,1,0.26952780801326903,2
7aefa7eeb,2,0.494272534079718,3
65b05f438,1,0.4413517856217281,3
992feb0f1,2,0.578396309542321,3
567c1ab71,1,0.6145752345410253,3
59ee91cf8,1,0.6840823096459857,3
35a62a8b1,4,0.9847613123930959,4
ec0316213,4,0.3920074638469911,2
c92256e41,2,0.414191675737314,2
9e046289f,3,0.8438293681646193,4
ebd3ef2f9,3,0.30840201109210597,2
9e6abcf6c,2,0.21142383247810084,2
813658b4b,1,0.7793500233245219,4
58fe1756c,2,0.3714300523505935,2
ee9ba4990,2,0.43580573264914735,3
770f24682,4,0.4322293059658944,2
fdb03c163,3,0.283833514746281,2
98c17f102,2,0.6050899289897891,3
5e4154870,1,0.20712175400404295,2
a5f6e77bf,4,0.5324729176385218,3
7d7fddaed,1,0.12201316539677602,1
0532bf9d3,2,0.09785932721712538,1
93ccba02b,3,0.18156844451355414,2
0a6b9433e,2,0.1373036852744519,1
6d84d3a2f,4,0.3788420670709584,2
3e0ce6020,1,0.40579484787228526,2
3d9346cfb,4,0.8345513916964702,4
3bb43df82,3,0.4159021406727829,2
5c82c5903,4,0.5992847146633494,3
d005caf41,2,0.8899600891515057,4
fa18941f4,2,0.26346343233297054,2
a30803552,4,0.6474887264811072,3
8648922dd,4,0.7655626392992277,4
73a2be705,2,0.24459648577204166,2
1877d9a0d,3,0.9802519048359509,4
087804d85,1,0.2747628673612191,2
9167921b2,4,0.05006997356554191,1
2b82af067,4,0.43295495775669934,2
93cfea76a,4,0.583424039807184,3
e64404196,2,0.662053594567978,3
e267af6d8,2,0.5772041673145701,3
403aa5c4b,2,0.06582698388016378,1
d2dd62cf2,2,0.25444461721868034,2
4552e7972,1,0.22780283004198418,2
e910d17de,1,0.7491836417353445,4
cb9527612,3,0.9119888042295133,4
ba8d53f1e,4,0.7178769501891877,3
3f03da51e,1,0.413258694863422,2
0c3ce1826,2,0.020421914684082308,1
0d4b69793,2,0.44358057326491473,3
f310c42f2,4,0.461877364847354,3
d9c0e3284,2,0.5568859171720314,3
7cbe52a0f,1,0.9549577566993209,4
11f062cb4,4,0.663038407712642,3
de2460808,1,0.6990618358990307,3
37fb97f8b,2,0.7342041154822992,4
c92cdf20c,3,0.39180013476390396,2
b686d33cd,2,0.3836106359819624,2
fecec878e,4,0.384180790960452,2
40501d365,3,0.6746488363655212,3
ad19a6ee0,1,0.6874514072461514,3
8abb96298,1,0.49328772093505413,3
9fb186834,3,0.03788938993417302,1
9c1cbec2f,3,0.6515834758720779,3
32aa78316,3,0.26144197377287104,2
7ba58565e,3,0.12755921836935677,1
73717bc4f,2,0.6738713523039443,3
4f3e35156,3,0.6165966931011247,3
8102d6dc7,2,0.3904006634530659,2
e07812482,1,0.20157570103146216,2
8c3d81083,1,0.461618203493495,3
40f17b3a1,3,0.8323226040532835,4
89523a695,3,0.1268335665785518,1
a6ac8884b,3,0.46317317161664856,2
8bda483ec,3,0.19996890063753694,2
bec49d8b7,2,0.7774322293059659,4
015770429,1,0.39014150209920695,2
618e97eeb,3,0.16809205411289066,1
afaadb62f,2,0.7288653915928057,4
5ff169a48,1,0.4904369460426061,3
124e6af5e,2,0.6157673767687762,3
092b32197,2,0.4573679572902089,3
b70f7c3d6,2,0.9301300989996371,4
45c278a7d,2,0.28310786295547613,2
4cc49be2a,1,0.6413725185300367,3
a5acfe9ed,1,0.36956409060280926,2
ed7c0ebb1,3,0.032861659669310116,1
58a7e1caf,2,0.7342559477530711,4
1c9a2baf6,1,0.4792411755559011,3
80723d694,4,0.5316436013061733,3
7dfa4e393,3,0.2098170320841756,2
8e3e0ffde,2,0.06297620898771576,1
4c3a2c536,4,0.5380708028818743,3
254c3305f,1,0.039340693515782926,1
0f9f0dd0e,2,0.6028611413466024,3
bafa8c847,3,0.34660239465090964,2
37d88b689,3,0.8574612553775981,4
d0aa84916,3,0.4890893070025398,3
20e75472d,1,0.21256414243508007,2
91c4cb54d,2,0.9054061058414969,4
553b61d90,1,0.3151402062924377,2
e9292cee2,2,0.7181879438138185,4
f8e1ea097,1,0.6019799927434821,3
ee2793324,3,0.060799253615300884,1
c93e86f5d,4,0.4236769812885503,2
f5257c5e4,3,0.027160109884414033,1
533f52fff,1,0.220442647592391,2
6ce342cfe,1,0.6051935935313325,3
ae17429ae,3,0.9127144560203183,4
b0be76af8,1,0.5463639662053593,3
46d88ca3e,1,0.26206396102213236,2
bbf029a0a,3,0.6809723733996785,3
b17f7a1fc,1,0.5025656974032032,3
dbf8ba091,2,0.6271186440677966,3
970910885,1,0.6149380604364277,3
050277142,2,0.9682786502876691,4
51337d3a4,3,0.4147099984450319,2
2d0b49c8f,1,0.6608614523402271,3
40b64aa21,1,0.2911936971958741,2
0bd2d5882,3,0.6194474679935728,3
456c7a365,2,0.22479655833722076,2
f5e9075c9,2,0.45482817602239156,3
1154c26ac,4,0.7254962939926398,3
db4165316,3,0.15871041310319806,1
69c9ba4b3,2,0.6144715699994817,3
2614882d1,4,0.11149121443010418,1
6975353f1,2,0.4200487223345255,2
64c2d97a4,1,0.5141761260560825,3
28c4588e5,4,0.6255636759446431,3
bf5700a80,1,0.19286787954180273,2
da840f8d4,1,0.4121702171772145,2
abfad94f2,4,0.5217436375887627,3
790e639ed,3,0.1446120354532732,1
732b578ff,1,0.17633338516560412,1
08f038689,1,0.23733996786399214,2
0a76a6cf3,2,0.9691079666200175,4
5698c00e2,3,0.16073187166329758,1
70337537c,4,0.3845954491266263,2
446748891,2,0.3100088114860312,2
0cde886ff,1,0.6045716062820712,3
dc56ff89a,1,0.17861400507956252,2
c7969bc23,4,0.8747732338153734,4
f68bec222,1,0.4549836728347069,3
94e9e97c4,3,0.15518581869071682,1
ba2904fd9,3,0.3489866791064116,2
b7dda91fe,2,0.6122946146270668,3
f33406495,1,0.6065412325713989,3
652787a1f,3,0.4240398071839527,2
3be154287,1,0.8280723578499973,4
84fdd34c7,2,0.6078370393406936,3
917ca93b3,2,0.23350437982688022,2
a5965cea5,3,0.42559477530710615,2
b898e8d6c,3,0.7032602498315451,4
ca81b2566,4,0.4562276473332297,3
a483f0d49,2,0.7088581350748976,3
336504b7d,2,0.4561239827916861,3
d687c7171,2,0.30337428082724305,2
6f46311db,1,0.533820556678588,3
fce854722,4,0.25843570206810756,2
a0fd5da22,3,0.4636396620535946,3
78551abb5,1,0.2527859845539833,2
1cac8717d,3,0.13916964702223603,1
7f8955f6a,3,0.15839941947856737,1
35e96ea98,2,0.7905457938112269,4
fe879c04e,1,0.3410045094075571,2
8b53dec4c,1,0.10185041206655264,1
9bec6db97,3,0.32281138236666146,2
5ddd7f219,3,0.6102213237961955,3
bf190a061,3,0.3170580003109937,2
e18d31575,4,0.5534649873010936,3
8c7b2f093,3,0.32498833773907637,2
8b17616d3,4,0.05141761260560825,1
9beedceb9,4,0.6778106048825999,3
5250b8bc3,1,0.600321360078785,3
b641cecaf,2,0.11921422277509978,1
d08cf8cb2,2,0.5722801015912506,3
ee2e82f01,3,0.7429119369719587,4
528115548,2,0.5557456072150521,3
4470adc62,3,0.23619965790701292,2
a63364c39,1,0.49670865080599186,3
f6ea19029,2,0.7956253563468616,4
c6e763332,2,0.5893329186751671,3
5fcb3804f,4,0.8347587207795574,4
5edc72757,1,0.34458093609081014,2
e8e8a47fd,3,0.354377235266677,2
351f3746c,1,0.6100139947131084,3
b4d16b6f6,2,0.37391800134763903,2
172433b2f,3,0.2678173430778002,2
aae0d180c,4,0.4051728606230238,2
d5cbed556,4,0.4093712745555383,2
fc5f63812,2,0.19737728709894778,2
99ed50a86,1,0.7137303685274453,4
46518b224,3,0.9576530347794536,4
8335d65e0,2,0.4121702171772146,2
440676acb,2,0.6336495101850412,3
62550cf78,1,0.9893225522210128,4
a062234cb,4,0.1962369771419686,2
7a54b760e,2,0.7974913180946457,4
504ce7187,2,0.37334784636914947,2
